Work_OdoReading,Work_Cost,Work_NumOfActHours,Cust_ID,Parts_ID,MaintAct_ID,Veh_ID,Time_ID
77960,4628.496792249403,70,699,483,963,38,1/1/2016
620,9347.414678717822,90,863,491,499,65,1/2/2016
21800,7802.5292212823315,90,894,821,664,53,1/3/2016
27416,4064.2608777902587,40,189,21,984,570,1/4/2016
6764,3728.8396682548055,60,24,161,869,701,1/5/2016
31808,2628.4877077405617,60,611,544,305,564,1/6/2016
20072,5450.160400274791,10,667,157,796,748,1/7/2016
41978,4633.171969861797,65,719,124,772,549,1/8/2016
8138,7265.753952363997,30,472,952,360,756,1/9/2016
27416,3759.2957229992767,65,283,201,188,821,1/10/2016
18620,3937.88745785047,10,795,157,915,402,1/11/2016
59096,8521.482505272912,15,75,234,204,364,1/12/2016
82370,5584.306189834772,20,82,226,771,76,1/13/2016
57494,6346.433579029004,45,604,113,634,100,1/14/2016
57650,5035.507146754019,45,432,102,584,53,1/15/2016
70526,1346.901341046334,10,928,360,406,858,1/16/2016
64808,7258.596797601978,5,673,631,580,548,1/17/2016
53408,1707.4188435761928,80,541,481,178,949,1/18/2016
34316,8656.118239915919,70,365,992,610,978,1/19/2016
30434,575.6984436582649,90,926,654,336,520,1/20/2016
78668,8412.364140587946,65,263,825,379,234,1/21/2016
15728,8417.939322762095,20,471,579,218,624,1/22/2016
58754,980.3600356314914,65,334,7,343,794,1/23/2016
47534,5093.8554647331775,50,984,108,482,977,1/24/2016
96542,613.8825444196224,90,600,395,37,59,1/25/2016
45266,9782.888034662006,55,154,621,574,69,1/26/2016
65642,992.2771113363827,35,816,542,71,183,1/27/2016
13652,6250.265790937117,75,156,166,948,49,1/28/2016
86252,3210.4712436625528,90,374,381,146,187,1/29/2016
91172,8183.832108262688,30,478,779,268,169,1/30/2016
61694,1587.6539802784528,70,43,946,582,195,1/31/2016
42932,3474.248213347086,50,55,456,954,737,2/1/2016
25670,662.2564894661584,20,70,406,838,894,2/2/2016
38726,9037.050631886,90,833,307,464,191,2/3/2016
58382,9058.870846395543,20,23,874,414,414,2/4/2016
18242,8297.112377882002,30,801,266,207,390,2/5/2016
74810,8178.933491834405,90,702,701,951,627,2/6/2016
8336,1006.1053249798719,25,71,916,186,887,2/7/2016
49652,9422.509052770018,35,48,267,587,328,2/8/2016
40766,5640.66878118558,15,612,392,333,604,2/9/2016
88220,2399.363553099465,80,410,988,666,5,2/10/2016
90380,7135.108639671765,40,562,179,844,263,2/11/2016
31784,3069.934781059278,70,316,574,578,57,2/12/2016
74480,9155.937465733792,35,42,223,283,683,2/13/2016
67964,4503.629732828503,15,26,478,803,766,2/14/2016
35480,6535.944498779099,45,535,542,234,397,2/15/2016
15590,5323.880811603242,90,478,254,262,103,2/16/2016
39626,703.3702766591585,20,497,69,191,659,2/17/2016
39794,3457.104882756104,45,86,42,327,326,2/18/2016
82250,1680.2046912237242,50,548,157,323,635,2/19/2016
37634,9060.24800953989,35,682,978,357,169,2/20/2016
74522,7088.194156843301,55,712,395,420,359,2/21/2016
89528,6621.833639268195,55,506,65,209,290,2/22/2016
55172,7685.688568966214,45,513,667,586,93,2/23/2016
54836,4186.306770620829,90,866,942,519,180,2/24/2016
17720,7084.42757039543,45,785,16,164,814,2/25/2016
95582,7336.04333280113,90,94,280,273,468,2/26/2016
66998,5774.707826135703,70,817,886,792,988,2/27/2016
38606,7046.91395272299,30,166,538,498,64,2/28/2016
54764,4123.493504065668,35,867,189,198,999,2/29/2016
38108,9653.569819362325,85,301,225,25,135,3/1/2016
43958,6288.795366594666,35,636,763,797,119,3/2/2016
76388,8566.16333108238,75,700,507,381,309,3/3/2016
43730,178.53243783434374,5,221,395,650,162,3/4/2016
49718,679.7196120974023,30,326,632,684,969,3/5/2016
22580,8276.677757833015,15,833,792,717,10,3/6/2016
4286,8125.590839761006,65,92,947,878,584,3/7/2016
79118,7798.8943684401665,10,334,176,41,561,3/8/2016
5594,2777.459358772108,35,58,757,932,701,3/9/2016
41792,3823.2299986313933,85,506,765,534,634,3/10/2016
74114,1556.2944321463074,50,609,367,171,208,3/11/2016
67094,5374.44631061119,40,316,715,86,219,3/12/2016
42524,8584.433579421735,90,100,295,580,43,3/13/2016
23000,2054.372359272111,15,104,996,346,399,3/14/2016
96836,7754.335531743625,70,172,901,296,583,3/15/2016
34658,7357.263459946683,85,688,349,280,862,3/16/2016
78578,5106.898536700392,45,516,983,427,901,3/17/2016
13034,3899.1183812476893,30,667,202,90,43,3/18/2016
23948,9428.342041330641,60,719,828,446,797,3/19/2016
38000,6619.717307139591,75,567,375,965,764,3/20/2016
67118,8365.969157746482,65,826,984,676,832,3/21/2016
74492,5960.227201513115,45,391,231,443,293,3/22/2016
40202,3271.564087880587,90,583,84,282,345,3/23/2016
29606,8135.573980742135,25,405,453,39,966,3/24/2016
39974,3750.5126195040025,30,217,391,842,481,3/25/2016
4964,846.887560599279,45,843,606,604,965,3/26/2016
70994,5653.136211640114,55,662,820,21,349,3/27/2016
95018,1145.1814048117878,95,662,44,106,402,3/28/2016
57026,3606.3758204401665,85,417,977,164,253,3/29/2016
2186,4642.857728502375,65,565,415,660,856,3/30/2016
44516,5582.479278312965,40,572,478,915,747,3/31/2016
92384,3279.558426948535,95,198,66,148,738,4/1/2016
95546,2188.159708341407,85,129,147,382,628,4/2/2016
48800,2027.7345815154026,45,261,799,579,975,4/3/2016
32270,7184.0502357278265,45,709,488,560,17,4/4/2016
91814,5343.181231222916,80,261,971,837,376,4/5/2016
32672,9513.564219773341,35,977,5,632,225,4/6/2016
12878,2144.9467867554354,30,898,345,75,559,4/7/2016
13442,4260.69983578093,60,580,872,685,31,4/8/2016
6434,7360.32831191094,55,307,630,407,454,4/9/2016
58472,3574.2486632157893,85,402,490,890,949,4/10/2016
7724,3475.2955212805136,30,617,183,486,813,4/11/2016
10748,3006.7072920886762,35,647,8,846,437,4/12/2016
82454,1903.5517977812426,5,117,123,586,94,4/13/2016
23918,2748.187636695958,5,374,362,253,30,4/14/2016
65300,9587.429681278518,5,790,509,831,212,4/15/2016
85658,1171.0088427452224,55,382,71,479,745,4/16/2016
62444,1806.4578541262226,40,302,420,659,343,4/17/2016
9230,7942.989078368476,80,990,365,841,822,4/18/2016
67094,112.03555284017415,35,127,621,421,773,4/19/2016
99482,8983.88793442659,15,902,201,106,372,4/20/2016
64022,375.2239292017432,95,410,748,90,22,4/21/2016
15536,2277.6643265956072,95,527,860,713,338,4/22/2016
71438,8058.219545295882,50,431,115,475,679,4/23/2016
38678,3656.0539164853053,75,265,698,36,885,4/24/2016
40916,1934.108064420944,15,447,410,322,601,4/25/2016
17720,105.78276158789242,40,681,284,452,302,4/26/2016
86930,9682.856587996184,10,44,72,661,686,4/27/2016
12536,7785.039608930554,50,715,256,395,836,4/28/2016
47180,6645.965686315296,40,206,799,294,222,4/29/2016
29084,5682.12641702967,15,856,477,480,799,4/30/2016
11978,8264.318427572303,70,350,96,173,80,5/1/2016
18416,7573.547820310852,70,344,215,753,803,5/2/2016
2984,9268.70047324571,25,715,201,628,30,5/3/2016
49052,9628.94247519987,25,797,127,510,943,5/4/2016
89906,8109.0413481571495,30,805,137,546,21,5/5/2016
67418,9114.194804481978,10,90,835,79,31,5/6/2016
83612,1505.1552403246053,90,947,807,302,726,5/7/2016
49514,7750.906045789971,5,148,100,825,879,5/8/2016
33614,5381.367583201699,25,66,841,674,403,5/9/2016
68294,5827.0201170166965,80,579,884,91,134,5/10/2016
1478,5652.3742380176745,50,949,219,141,57,5/11/2016
41480,8529.195532822907,70,518,905,162,507,5/12/2016
37538,7903.072411128533,85,83,256,38,409,5/13/2016
13304,7076.37512168518,80,222,485,985,933,5/14/2016
20888,8148.563141366742,85,154,645,828,587,5/15/2016
77438,8304.324894908872,65,612,858,16,696,5/16/2016
98720,5551.747125133551,70,667,310,509,237,5/17/2016
53960,3560.599194559524,95,961,985,62,812,5/18/2016
31418,7318.880571392955,20,756,890,478,660,5/19/2016
14966,5008.441412689156,65,619,320,817,686,5/20/2016
97352,2477.5871338110655,95,888,600,65,261,5/21/2016
46166,6561.296101784127,15,372,678,297,204,5/22/2016
91946,5578.055304658492,25,503,679,466,16,5/23/2016
46928,3295.0694961821496,20,233,49,492,194,5/24/2016
76916,9866.973735591411,95,518,364,602,176,5/25/2016
28034,4766.322120984522,70,432,736,809,456,5/26/2016
39050,4992.842292114543,10,390,449,336,288,5/27/2016
29000,9602.438196593846,30,201,868,107,392,5/28/2016
59930,1936.021955552733,30,928,583,12,392,5/29/2016
77864,7313.861520367332,30,319,784,176,592,5/30/2016
12164,1799.872512563166,80,687,473,775,461,5/31/2016
53426,1797.5294842337105,25,777,967,698,242,6/1/2016
44102,6248.655900933588,60,290,878,988,212,6/2/2016
38426,2066.319355590739,65,932,638,839,806,6/3/2016
42896,9184.141017689493,95,941,541,338,904,6/4/2016
53798,7703.730835219128,5,743,575,71,61,6/5/2016
85604,7009.762332090623,5,418,815,620,176,6/6/2016
16442,6485.28931391088,15,560,827,42,936,6/7/2016
37016,4796.476296610855,25,348,212,480,708,6/8/2016
46964,767.8657334245014,55,595,997,906,360,6/9/2016
23234,7957.6030542445815,45,239,100,516,856,6/10/2016
52664,4517.102825432643,65,859,195,210,898,6/11/2016
36500,3333.7306927542522,20,124,419,705,690,6/12/2016
51746,663.8416954761705,90,297,414,342,973,6/13/2016
31916,9919.531577497766,35,294,678,821,986,6/14/2016
31820,8172.8425614383,45,648,330,725,950,6/15/2016
99056,7814.962475814662,25,956,893,411,270,6/16/2016
88226,8162.318088503433,35,772,298,898,6,6/17/2016
93962,1156.2317784798763,30,247,709,486,186,6/18/2016
95324,7075.66275896705,50,986,620,930,113,6/19/2016
50792,9402.422128418675,70,263,228,421,5,6/20/2016
6716,9610.317165733342,55,573,804,38,847,6/21/2016
75716,471.62107567089004,70,866,561,348,391,6/22/2016
70088,2421.356898279752,35,745,98,724,137,6/23/2016
9860,8135.682776656864,60,274,493,441,684,6/24/2016
64622,3717.787603086662,30,332,435,562,460,6/25/2016
15680,7217.015254606895,85,626,911,509,332,6/26/2016
20504,7691.51394369474,45,872,371,348,703,6/27/2016
72506,1535.710214711621,80,637,734,463,900,6/28/2016
19604,7109.427299501615,45,634,309,705,281,6/29/2016
10394,3235.1246625082945,75,98,786,473,285,6/30/2016
9884,464.71550530275147,35,4,733,553,486,7/1/2016
47834,900.3828751454396,95,941,500,463,904,7/2/2016
50456,7779.358156714431,80,324,624,438,103,7/3/2016
14642,2229.45065372471,50,576,972,722,567,7/4/2016
26246,9204.287246704354,90,719,545,985,409,7/5/2016
36542,6514.005004283408,45,302,866,239,775,7/6/2016
70088,1387.114162132033,60,174,219,137,53,7/7/2016
46154,5440.250180556859,95,301,943,227,29,7/8/2016
54188,6719.81522918798,65,779,668,924,840,7/9/2016
66104,1825.093659719205,20,536,923,959,663,7/10/2016
92858,9246.28611509071,25,171,552,465,604,7/11/2016
88250,5578.287714247722,75,458,771,168,696,7/12/2016
2444,9239.364182496176,80,154,117,913,806,7/13/2016
4568,8622.38220860388,80,493,165,802,758,7/14/2016
66710,5186.5874057435285,85,561,644,816,583,7/15/2016
17966,9442.420877941395,30,571,482,447,247,7/16/2016
91514,3615.742852766732,70,819,242,888,387,7/17/2016
74468,2813.9935130451718,5,388,963,192,872,7/18/2016
57548,1217.638850553227,65,903,820,711,731,7/19/2016
2234,9423.346358842356,40,783,396,758,559,7/20/2016
19250,1722.6702752475503,25,657,725,295,709,7/21/2016
26996,7570.332105188945,10,166,825,52,312,7/22/2016
90932,4794.799102730408,70,871,900,532,715,7/23/2016
5990,1214.9429076777064,15,821,686,166,981,7/24/2016
7094,3531.4204826212517,75,965,437,148,989,7/25/2016
30902,5617.5070238429535,25,248,757,75,571,7/26/2016
57950,3950.4721750445333,10,194,885,291,824,7/27/2016
66188,7851.583998966567,75,680,123,143,219,7/28/2016
65186,325.8859828523947,55,928,937,634,953,7/29/2016
59066,1396.001908495583,35,138,812,799,508,7/30/2016
38138,6858.626096877955,70,34,458,410,791,7/31/2016
39092,9900.472096215974,45,356,360,749,567,8/1/2016
79004,9704.182031185659,15,221,38,702,257,8/2/2016
71306,1337.8744584810033,40,791,440,339,97,8/3/2016
42830,6460.861799324839,70,537,509,997,520,8/4/2016
1406,3788.6364578551784,70,287,862,669,414,8/5/2016
96014,9361.331893072853,60,745,635,10,417,8/6/2016
97610,555.1400797820357,65,933,118,325,204,8/7/2016
46658,8497.196462392754,5,806,572,800,953,8/8/2016
60818,4339.468371626025,45,716,676,395,242,8/9/2016
15764,5599.362648736519,90,268,533,168,86,8/10/2016
36170,2901.576749035039,50,917,195,428,129,8/11/2016
89330,8099.457830069787,75,374,638,525,167,8/12/2016
12668,5963.88934480899,85,211,540,986,671,8/13/2016
7706,9619.0675972283,80,465,567,352,742,8/14/2016
71882,4285.02225906129,5,690,25,345,295,8/15/2016
83540,741.832893297007,60,988,802,851,236,8/16/2016
29876,3138.951877117535,25,72,636,480,673,8/17/2016
61352,3679.744612780169,10,396,192,298,177,8/18/2016
2150,1433.293511111805,60,649,202,209,577,8/19/2016
22796,4004.8973697214333,50,692,7,134,444,8/20/2016
87944,8433.62865467117,35,172,36,117,46,8/21/2016
14960,5452.624254876676,5,289,521,943,780,8/22/2016
14834,260.60183027947505,30,376,615,907,910,8/23/2016
41906,7575.819549689384,90,665,803,441,284,8/24/2016
8186,7470.432573671627,95,394,410,987,457,8/25/2016
31856,5344.619729213087,45,676,997,601,990,8/26/2016
69494,4199.588841466748,85,876,791,561,127,8/27/2016
45278,2337.8231985917123,40,458,93,25,591,8/28/2016
97280,2455.6971546931577,65,662,167,870,361,8/29/2016
12716,7144.17995876705,75,283,323,855,89,8/30/2016
89414,6719.471737256082,45,322,393,646,631,8/31/2016
87344,8090.636089158497,15,423,91,193,249,9/1/2016
96770,5494.5887716634725,85,859,546,832,984,9/2/2016
38336,3243.9072713979945,85,395,907,475,425,9/3/2016
99290,5171.4614018849215,5,970,7,80,52,9/4/2016
46172,9583.11369406433,80,98,913,231,609,9/5/2016
51296,3734.1920010288636,35,272,588,84,763,9/6/2016
96680,7006.656059535604,50,980,519,676,781,9/7/2016
85100,7606.710334073587,95,614,479,113,861,9/8/2016
90644,4064.5429867964463,20,321,687,778,855,9/9/2016
52910,6535.488323130963,40,144,65,357,997,9/10/2016
56522,4485.397326600912,15,745,463,540,181,9/11/2016
35672,9482.358879536836,30,447,130,510,793,9/12/2016
70490,4513.396251755706,35,827,717,774,499,9/13/2016
97328,3946.622073591919,70,938,990,764,979,9/14/2016
33668,2352.114290779476,95,289,74,417,332,9/15/2016
6404,4196.395627331192,70,189,286,842,565,9/16/2016
53276,2446.978922535336,60,909,364,210,212,9/17/2016
25172,9890.695717257684,10,268,457,884,846,9/18/2016
71024,3732.720505559236,5,610,203,498,511,9/19/2016
23780,6017.498526696403,95,689,436,686,98,9/20/2016
49274,1194.7681483797853,55,528,26,274,172,9/21/2016
39950,1645.8288189808975,65,80,741,672,801,9/22/2016
66368,580.5982987513177,90,623,890,532,900,9/23/2016
55514,8517.588209989455,95,400,167,324,602,9/24/2016
38018,2613.415233345354,25,284,946,407,517,9/25/2016
56582,9457.436954311243,95,588,604,629,807,9/26/2016
59810,1304.4516795430607,70,786,875,154,636,9/27/2016
30770,1481.014882484334,20,96,428,593,924,9/28/2016
74144,8329.422817501232,90,911,161,373,588,9/29/2016
8246,223.18750853340484,25,414,906,658,372,9/30/2016
71402,8622.99620970992,5,932,944,288,923,10/1/2016
14624,3165.572915970025,5,739,851,32,235,10/2/2016
97142,8536.167394291828,55,820,446,363,640,10/3/2016
23690,3343.547191360915,60,396,941,101,283,10/4/2016
28808,5627.329492882934,5,188,277,797,391,10/5/2016
35576,8184.356927424043,95,318,137,215,597,10/6/2016
71498,3970.237700773528,20,206,97,571,170,10/7/2016
84242,2375.3098508203993,40,472,482,262,649,10/8/2016
15446,3083.638374857611,20,217,215,43,767,10/9/2016
1142,7904.992385717506,40,120,165,766,426,10/10/2016
69056,8786.432549228457,50,573,828,855,208,10/11/2016
37472,3699.765245506179,30,882,195,201,663,10/12/2016
9626,1508.5876601697696,65,642,605,363,829,10/13/2016
48764,1454.2387428914815,85,955,877,453,237,10/14/2016
13124,547.7706017462842,45,104,537,527,644,10/15/2016
44378,7019.179545713265,90,530,148,489,787,10/16/2016
95810,4220.524326621098,95,44,535,407,16,10/17/2016
96536,3032.347822687989,45,412,628,216,910,10/18/2016
56498,9112.648544593805,40,624,943,613,101,10/19/2016
72962,4851.626348252605,90,769,610,820,268,10/20/2016
69416,1849.0909032853317,35,602,845,910,448,10/21/2016
75770,9327.699651446002,25,625,510,159,289,10/22/2016
9746,4196.567391733607,20,589,971,719,166,10/23/2016
18218,733.5206053407587,70,884,678,255,522,10/24/2016
23918,3955.7076499612645,85,784,692,848,182,10/25/2016
2828,7179.435812224607,50,725,77,817,927,10/26/2016
47834,6025.44627232327,95,38,888,153,959,10/27/2016
74552,8240.066229038546,5,444,950,718,310,10/28/2016
86438,9236.077959187927,95,489,469,364,132,10/29/2016
55148,7560.409837982615,90,806,862,622,744,10/30/2016
79418,2056.6218333604525,10,816,691,876,521,10/31/2016
98744,5567.453502669346,85,278,231,850,416,11/1/2016
54338,5361.778063622869,10,748,458,639,7,11/2/2016
33914,3213.9166953351855,30,554,358,947,672,11/3/2016
78632,1296.6265417712657,65,765,3,453,564,11/4/2016
59972,4272.9243967678685,55,466,315,413,225,11/5/2016
6080,9765.127214751587,25,662,973,162,650,11/6/2016
77204,4192.211612854456,5,674,567,250,728,11/7/2016
95126,8022.802577058411,5,507,649,85,557,11/8/2016
23330,494.80575839416053,95,235,580,38,974,11/9/2016
57920,3540.579890911627,70,674,219,665,400,11/10/2016
7928,2419.1896248243274,5,117,309,869,224,11/11/2016
69776,3804.7825205996687,45,729,586,958,567,11/12/2016
77456,6616.939394691989,5,202,792,589,132,11/13/2016
30998,8312.472555046303,35,771,283,69,732,11/14/2016
18788,3533.6588365279617,80,691,958,308,202,11/15/2016
83822,4710.351546050787,80,182,123,407,836,11/16/2016
19760,5434.30636852208,50,384,582,219,119,11/17/2016
88166,5268.092823395539,75,921,480,814,801,11/18/2016
48962,4027.286842413943,20,452,438,944,855,11/19/2016
27086,5910.7407245290815,15,928,88,132,685,11/20/2016
38924,7296.120116673955,55,487,944,79,196,11/21/2016
45488,8790.665967964287,10,842,425,507,919,11/22/2016
26390,4575.963938752521,75,423,654,563,451,11/23/2016
34490,3829.8755487470107,55,99,506,449,702,11/24/2016
66440,5756.836281380134,40,636,891,302,162,11/25/2016
99044,2048.7968102172645,45,568,177,777,501,11/26/2016
94334,6867.281393758282,85,278,759,426,484,11/27/2016
16190,5268.612086159596,15,49,51,584,868,11/28/2016
53456,3095.551608540664,5,331,848,769,53,11/29/2016
34532,2246.4140890192175,35,879,64,31,532,11/30/2016
67382,1254.0581422172695,95,281,255,980,6,12/1/2016
13190,6429.648853126375,85,362,985,679,769,12/2/2016
99368,3725.5827579179163,5,275,118,124,658,12/3/2016
28526,4571.937457672005,55,943,708,222,502,12/4/2016
33764,3042.7133018984273,5,195,845,217,25,12/5/2016
1028,4767.073087012652,60,821,679,353,757,12/6/2016
96218,464.0452541417726,90,949,644,165,369,12/7/2016
92474,3884.9097523925334,30,231,727,172,433,12/8/2016
60890,990.8899348740678,80,812,68,206,952,12/9/2016
63014,383.4530451477692,95,841,231,281,115,12/10/2016
74816,849.2904259941266,15,236,533,525,460,12/11/2016
73262,3822.172340451157,75,995,205,700,508,12/12/2016
43856,6856.60810022565,90,303,663,423,547,12/13/2016
14942,1149.448054472287,95,584,543,563,814,12/14/2016
53366,7085.8088654616,10,219,164,859,541,12/15/2016
82580,2799.004960306875,90,379,852,502,393,12/16/2016
67106,480.51374365969866,15,440,67,486,984,12/17/2016
90872,4822.548786584217,45,706,688,256,838,12/18/2016
35978,2585.996088798619,65,470,270,774,978,12/19/2016
37460,2966.2599054795937,70,578,51,560,677,12/20/2016
48446,3997.5867664397924,65,774,99,310,305,12/21/2016
84464,8523.693497687498,50,983,742,226,862,12/22/2016
67394,7392.382519370438,5,79,529,447,808,12/23/2016
87692,4219.752917004257,65,684,380,595,552,12/24/2016
16634,5974.22765396127,65,254,242,455,348,12/25/2016
80828,9521.051523471391,95,956,254,994,773,12/26/2016
45272,6424.864328973815,85,783,973,790,8,12/27/2016
77750,6060.050907252223,50,101,299,559,741,12/28/2016
62240,7661.866155379688,40,154,749,936,157,12/29/2016
28436,6550.145806263825,55,552,633,19,576,12/30/2016
25484,1452.8281297975595,90,223,696,834,50,12/31/2016
5570,7882.044218794052,35,991,197,868,233,1/1/2017
56576,5570.522343761896,55,248,551,556,753,1/2/2017
7388,3622.8412143806777,60,197,466,737,427,1/3/2017
71096,3763.8317800310024,50,195,136,81,716,1/4/2017
12770,2641.7306286465487,75,221,729,790,135,1/5/2017
10694,9430.615733625968,30,816,498,819,300,1/6/2017
77006,6035.824583001162,45,566,335,664,899,1/7/2017
10130,6744.164589413645,50,630,919,846,598,1/8/2017
55526,5183.256138176254,80,174,581,922,592,1/9/2017
95444,5348.3023108996,35,650,523,279,470,1/10/2017
44552,2018.0399150652286,65,713,518,766,7,1/11/2017
98354,5633.5047778344015,10,473,687,741,206,1/12/2017
49778,908.5073669158824,5,238,953,333,814,1/13/2017
73142,483.33913271723145,55,123,747,20,452,1/14/2017
2270,9504.208994522143,45,432,655,69,694,1/15/2017
92558,7530.5979890682365,40,928,677,772,927,1/16/2017
85412,4932.645981642366,75,924,227,27,388,1/17/2017
49502,5432.514187636366,20,562,856,476,826,1/18/2017
18668,4218.2954461246045,10,781,715,561,507,1/19/2017
34514,3066.74652056439,40,616,63,329,844,1/20/2017
61736,9287.17112294466,65,118,146,588,792,1/21/2017
4748,1997.2090843558087,90,615,358,170,259,1/22/2017
65348,777.2406612552212,50,360,441,688,368,1/23/2017
62162,9652.76068133609,45,84,616,21,351,1/24/2017
67052,7834.107417463062,95,307,649,202,625,1/25/2017
35738,3637.7977398526345,10,644,743,567,703,1/26/2017
34748,2024.2188653764797,85,356,892,671,729,1/27/2017
40928,4323.186946962951,35,967,77,380,915,1/28/2017
39680,7587.672157667951,30,369,638,334,839,1/29/2017
71192,9439.95061280232,60,581,882,282,645,1/30/2017
89072,8179.567322990893,25,628,42,113,714,1/31/2017
56504,357.90824456572045,20,42,465,706,22,2/1/2017
93044,8782.889561845002,95,321,381,593,904,2/2/2017
77858,2558.6764654577046,10,806,775,284,388,2/3/2017
11276,9834.521588352027,65,781,453,139,836,2/4/2017
29798,3537.551023566725,10,793,605,176,440,2/5/2017
42590,2434.5708293828006,65,37,796,474,584,2/6/2017
64346,4393.312012165452,70,603,844,102,932,2/7/2017
41156,8836.261646516792,25,16,883,665,340,2/8/2017
13034,3413.3336881423756,70,962,624,57,74,2/9/2017
61076,5625.704341573545,55,530,412,782,620,2/10/2017
51578,3292.923426969734,75,378,858,605,771,2/11/2017
77534,1160.0266462480874,95,264,355,161,892,2/12/2017
3890,9942.83541040917,55,160,885,553,850,2/13/2017
94454,656.3193344694569,75,999,271,806,637,2/14/2017
99896,7538.874925822909,65,141,416,780,1,2/15/2017
55688,2717.3166517937766,50,126,239,467,389,2/16/2017
67886,2037.5767652149636,10,420,340,238,886,2/17/2017
90296,6804.884263265837,65,305,630,540,467,2/18/2017
28670,6606.012921001085,20,821,234,450,586,2/19/2017
79202,2758.8563926763672,20,362,535,754,121,2/20/2017
43382,999.835012274714,70,635,742,279,507,2/21/2017
27212,9107.40571601897,70,941,51,6,605,2/22/2017
27956,1026.2390072863047,55,994,121,538,365,2/23/2017
4688,6556.711450659994,30,303,192,855,601,2/24/2017
33602,416.6127719469771,65,382,230,725,757,2/25/2017
29648,9990.221248243532,60,960,957,614,682,2/26/2017
45656,8455.578717097436,85,153,810,887,520,2/27/2017
61028,7189.741501523375,25,799,712,474,909,2/28/2017
81662,3902.1294133910537,25,69,39,479,520,3/1/2017
14198,4988.719926578362,95,737,470,3,766,3/2/2017
1802,7551.955889484357,15,280,729,778,88,3/3/2017
55802,8144.914460095715,75,241,633,570,129,3/4/2017
29708,2741.8489154592044,75,405,760,458,447,3/5/2017
28304,5487.970415649341,15,865,854,63,830,3/6/2017
47312,6008.09547005671,30,174,726,578,231,3/7/2017
5924,447.1397180159339,25,517,285,221,499,3/8/2017
85214,8334.988860973786,15,145,646,856,145,3/9/2017
85202,4271.618687907426,40,465,467,961,112,3/10/2017
12992,7418.348439841083,95,567,39,508,574,3/11/2017
21944,694.5090509290674,70,776,55,460,908,3/12/2017
86648,5350.765100921465,35,366,892,147,488,3/13/2017
56588,7602.463495433113,60,579,828,749,603,3/14/2017
38546,1994.6317821735033,80,864,976,885,83,3/15/2017
47510,9179.875379265586,25,484,418,522,795,3/16/2017
83000,8525.45425333494,85,763,94,228,586,3/17/2017
75824,9934.134326673517,40,721,10,899,268,3/18/2017
42584,4253.792257644988,20,710,370,286,648,3/19/2017
65774,1478.97577050682,85,457,299,447,893,3/20/2017
2396,3538.589965792133,60,331,953,729,792,3/21/2017
16256,5243.357117495341,75,317,6,652,791,3/22/2017
7748,4866.6426879280825,20,656,146,869,51,3/23/2017
60086,7430.383325253924,70,218,733,901,110,3/24/2017
95408,6818.910064756086,45,580,332,920,215,3/25/2017
73562,8194.187565564258,95,119,757,264,227,3/26/2017
99392,1647.1620099252348,75,687,737,626,511,3/27/2017
78578,585.0825646756989,70,332,456,73,346,3/28/2017
3776,5230.1284267032715,5,17,137,392,218,3/29/2017
88340,4728.350541410245,15,185,504,904,319,3/30/2017
90632,4147.4764328934125,50,98,533,534,747,3/31/2017
69956,5410.112938496251,10,608,786,133,741,4/1/2017
95012,1745.7086548055247,15,628,901,498,534,4/2/2017
27560,316.99071561910773,90,664,351,942,558,4/3/2017
49838,9108.86380716989,5,656,327,860,516,4/4/2017
20384,8429.25577414795,25,865,273,327,205,4/5/2017
19886,4438.69544329448,55,506,873,452,592,4/6/2017
53750,9381.93906246892,35,696,567,445,86,4/7/2017
17270,7321.436894075299,80,701,518,256,350,4/8/2017
47096,9403.477780645322,70,633,248,965,319,4/9/2017
10826,9838.815737793573,65,161,86,270,940,4/10/2017
83234,5057.58870884202,90,903,722,857,95,4/11/2017
5870,7027.1354613777785,95,498,841,567,158,4/12/2017
58694,3128.716979524284,80,263,859,696,15,4/13/2017
47882,1732.9253302197656,40,970,854,473,460,4/14/2017
18230,6942.071140794329,40,945,873,662,945,4/15/2017
42554,9427.510466933418,80,348,954,356,544,4/16/2017
31790,5447.928491094589,80,315,801,19,42,4/17/2017
82874,6186.990158393022,65,555,981,264,820,4/18/2017
75806,9738.253755453896,15,272,991,104,111,4/19/2017
63470,6332.215899626973,35,674,976,641,974,4/20/2017
61088,7890.928907277172,85,726,801,577,862,4/21/2017
88694,5014.827796813016,90,840,658,538,832,4/22/2017
27674,4192.598334512697,20,429,852,269,563,4/23/2017
53192,7272.6075012089605,5,916,281,568,581,4/24/2017
66284,5418.422501460913,20,316,500,197,980,4/25/2017
16502,8717.9282637514,15,550,176,689,821,4/26/2017
12434,9538.233334047376,70,440,497,473,837,4/27/2017
98666,2691.844693870912,40,757,850,330,13,4/28/2017
79004,2855.617486842491,40,670,433,739,359,4/29/2017
94586,4989.621132665131,45,605,83,718,56,4/30/2017
91856,5572.380860361268,75,708,309,78,883,5/1/2017
32132,2004.5220237630163,75,476,185,168,497,5/2/2017
26480,1973.741175939443,40,612,584,57,141,5/3/2017
16364,4868.5614005478465,40,600,159,744,984,5/4/2017
28868,2746.8360098513704,75,858,48,33,438,5/5/2017
72128,2019.5067691808295,95,225,342,209,886,5/6/2017
69008,4907.737810485209,25,105,742,129,71,5/7/2017
61508,6912.996360881153,75,146,608,845,80,5/8/2017
18014,3438.971816747386,35,609,274,780,401,5/9/2017
21644,2257.670729242623,60,642,342,698,363,5/10/2017
94328,6910.432021477634,30,539,232,977,560,5/11/2017
32030,1112.5250298463857,5,704,88,76,885,5/12/2017
66662,906.1809401307346,65,287,483,618,910,5/13/2017
11486,7530.079387936053,10,482,788,149,242,5/14/2017
35426,1041.5084383657654,85,323,653,624,929,5/15/2017
61748,5180.811572989818,55,482,520,365,62,5/16/2017
85406,9222.566441742958,10,172,499,546,709,5/17/2017
87506,7363.223143267591,60,776,823,96,902,5/18/2017
6812,9279.44663570946,30,216,691,828,790,5/19/2017
77774,5345.147758033993,80,265,630,14,877,5/20/2017
1670,1467.2181255182202,50,713,872,527,836,5/21/2017
33314,5024.5479012223095,80,673,909,689,552,5/22/2017
91520,2872.42389866999,70,449,159,167,680,5/23/2017
11618,817.4860396089315,50,677,528,123,941,5/24/2017
15554,4791.92814434222,20,840,340,263,763,5/25/2017
26114,8318.95828017642,65,720,95,167,327,5/26/2017
59972,377.9026002961714,75,428,140,148,894,5/27/2017
79472,4538.122842697247,85,664,806,498,630,5/28/2017
74918,2303.0645995418727,5,587,336,540,782,5/29/2017
56174,4332.293250083541,65,768,614,629,700,5/30/2017
42206,899.8928731085934,55,375,196,405,72,5/31/2017
80318,5579.831405084306,20,643,693,474,514,6/1/2017
72248,4663.393251708323,75,807,667,194,83,6/2/2017
46544,4842.514979029673,15,329,826,572,57,6/3/2017
29318,7002.502721611936,10,616,141,8,989,6/4/2017
60698,7431.599884129349,85,101,826,319,225,6/5/2017
78122,8059.292899151125,75,589,6,495,886,6/6/2017
50018,1576.174671455796,40,377,982,913,407,6/7/2017
92846,1403.2124954298758,90,478,802,794,295,6/8/2017
4016,5330.45428979161,60,536,377,725,608,6/9/2017
23804,2316.5605727992097,20,694,921,287,67,6/10/2017
13034,6867.88330894689,50,173,13,97,966,6/11/2017
12362,3998.810773361698,60,230,625,835,561,6/12/2017
60716,6934.059104565107,40,15,460,77,661,6/13/2017
51230,4192.045608842435,25,24,900,82,167,6/14/2017
85310,7642.867008734977,20,35,454,973,32,6/15/2017
11174,4110.633691057094,55,301,801,449,664,6/16/2017
90092,2781.9315683494533,95,198,738,304,737,6/17/2017
25538,3239.371371516341,15,231,317,860,630,6/18/2017
39134,7809.667088469666,75,740,496,519,769,6/19/2017
92816,588.055196298713,40,37,861,225,840,6/20/2017
8954,8057.743005668899,70,595,816,755,608,6/21/2017
33806,5332.19579803117,60,160,656,284,371,6/22/2017
4502,6963.263504164758,85,298,980,36,558,6/23/2017
41828,9051.169886484171,90,383,275,596,479,6/24/2017
67316,4334.979764926625,70,857,290,234,844,6/25/2017
78356,1745.6376071969435,90,883,901,557,264,6/26/2017
99800,9107.316620273132,60,415,727,840,225,6/27/2017
57512,2766.224109646326,65,730,580,123,598,6/28/2017
13910,6516.298106254269,90,360,561,727,596,6/29/2017
37550,9102.552116493393,95,904,129,985,88,6/30/2017
2228,3217.998866516964,60,66,243,362,738,7/1/2017
89000,8835.178410020655,30,406,866,115,84,7/2/2017
8174,4699.236857573408,45,913,766,813,618,7/3/2017
48728,5180.48756690572,15,334,739,854,46,7/4/2017
49100,8558.505363143035,40,864,603,36,463,7/5/2017
83660,3666.232974458216,70,724,551,431,750,7/6/2017
11636,985.921877081583,90,656,495,39,571,7/7/2017
70916,7844.472309174934,50,660,763,178,291,7/8/2017
23522,9619.345724666991,70,745,637,51,451,7/9/2017
40898,2775.711222170698,35,167,607,633,274,7/10/2017
5558,2873.767757988935,45,960,360,101,748,7/11/2017
8450,2978.8262792216747,70,880,600,798,549,7/12/2017
52922,5326.752483565365,20,143,595,426,899,7/13/2017
42278,6729.272882453795,75,592,701,695,966,7/14/2017
39182,3432.071673097613,35,975,148,313,122,7/15/2017
24002,2992.310542233786,90,480,373,549,905,7/16/2017
10550,5903.268487061126,40,39,52,381,311,7/17/2017
3140,6854.199132345289,15,230,474,657,466,7/18/2017
28724,7917.068047090197,90,548,494,821,240,7/19/2017
56522,771.7310817688788,80,950,933,346,881,7/20/2017
6620,8197.646162229472,55,524,201,40,810,7/21/2017
50690,665.9458316023671,40,424,221,622,448,7/22/2017
99776,474.8361349010081,50,984,824,489,53,7/23/2017
5210,881.1742107413511,75,373,173,130,343,7/24/2017
67544,3256.7318575869513,15,130,103,905,969,7/25/2017
89600,186.91930007618237,35,602,960,662,723,7/26/2017
57476,6318.568477098338,65,993,306,223,348,7/27/2017
75566,9903.614010377694,50,664,387,8,11,7/28/2017
36104,2986.4881305367335,95,948,612,316,947,7/29/2017
6962,9790.899372448279,40,946,597,169,324,7/30/2017
48680,2814.304043886107,65,858,104,2,973,7/31/2017
10940,5492.090960127958,5,43,361,788,642,8/1/2017
49358,6645.388622542228,85,797,777,118,614,8/2/2017
87110,8831.641828446784,95,114,446,769,248,8/3/2017
81758,8300.430574066919,50,163,143,466,241,8/4/2017
42770,9101.397158831885,95,309,946,391,614,8/5/2017
65306,7472.891058842896,10,955,768,156,695,8/6/2017
92546,222.29411587009088,55,557,799,439,505,8/7/2017
54440,902.410518327725,70,163,298,884,112,8/8/2017
8924,3050.136602113779,80,266,278,31,265,8/9/2017
59234,5986.171569757498,10,514,580,429,980,8/10/2017
59546,5811.323958318905,65,247,396,293,456,8/11/2017
50642,2344.6646919953346,75,569,491,568,999,8/12/2017
75164,1262.3110252057722,85,477,284,830,85,8/13/2017
99548,5505.153147661959,5,962,17,957,855,8/14/2017
4070,1687.2726330778044,15,371,459,190,483,8/15/2017
38510,1522.30027989774,65,237,358,883,607,8/16/2017
37586,3187.7507370010667,95,868,925,727,493,8/17/2017
72434,1580.7238728665905,95,64,680,234,28,8/18/2017
8816,7326.241598703737,65,90,185,211,654,8/19/2017
79028,1343.2267595712742,95,440,833,605,661,8/20/2017
74198,8039.833358153642,70,867,95,70,314,8/21/2017
16856,5654.091264681015,25,449,725,638,952,8/22/2017
22076,8831.85090735836,35,888,451,820,304,8/23/2017
7976,9574.346911024872,55,867,903,182,572,8/24/2017
37190,6050.594970049645,60,940,138,131,303,8/25/2017
19250,803.4590465190603,25,293,631,795,895,8/26/2017
78302,3558.528027897129,40,62,843,97,467,8/27/2017
74168,129.94007926949118,15,239,376,390,726,8/28/2017
63104,6490.716938115617,15,628,557,637,65,8/29/2017
49814,340.290988902608,55,535,31,888,859,8/30/2017
62198,1818.0829957556025,95,327,174,366,445,8/31/2017
37784,4070.946750263771,60,840,683,45,152,9/1/2017
16070,1218.984285457212,5,550,349,213,959,9/2/2017
23930,9366.577072056645,90,212,327,887,905,9/3/2017
90842,8749.629654192047,60,396,912,166,839,9/4/2017
89090,8590.290096370005,90,818,120,823,35,9/5/2017
94484,3873.8324273524845,85,700,591,173,779,9/6/2017
49568,410.668473636832,85,799,361,524,628,9/7/2017
46574,7332.574744695904,25,836,289,504,256,9/8/2017
78248,8442.025650740177,45,992,626,843,938,9/9/2017
27842,101.16136377502724,80,200,308,668,81,9/10/2017
62552,3024.8668460869967,40,404,193,884,813,9/11/2017
34406,2582.28498000083,20,255,941,927,56,9/12/2017
6626,5693.86397000217,50,658,562,842,54,9/13/2017
20420,3286.474590328295,70,481,587,348,590,9/14/2017
4286,6344.461155984421,50,321,359,272,410,9/15/2017
9728,5701.9650811877955,10,948,309,424,560,9/16/2017
44042,6520.871716391709,10,501,776,348,353,9/17/2017
536,5158.0514616323935,90,981,419,809,612,9/18/2017
62612,4890.2552458103855,60,701,216,402,685,9/19/2017
17900,3377.4164312715698,55,157,619,864,112,9/20/2017
84428,739.1515773621834,65,788,668,411,385,9/21/2017
72134,3299.7750225757236,35,490,180,253,222,9/22/2017
78644,6977.152521653513,30,357,800,802,665,9/23/2017
71618,4787.139067845247,30,512,590,674,657,9/24/2017
30374,4681.197636926307,95,388,746,137,336,9/25/2017
9470,8918.297647543493,45,894,907,237,323,9/26/2017
18398,2136.4488127915065,35,816,690,289,862,9/27/2017
25904,4358.901511018104,80,894,181,886,461,9/28/2017
42230,1417.7270124117379,40,160,879,507,58,9/29/2017
4208,2666.247099159053,45,84,371,402,395,9/30/2017
14114,2634.3390137755373,70,889,713,161,986,10/1/2017
83780,1846.6436289671171,15,81,330,334,397,10/2/2017
68348,5702.805997354189,55,996,341,532,965,10/3/2017
54434,2199.926727846006,65,898,51,257,953,10/4/2017
28172,554.1688257341666,25,249,479,223,630,10/5/2017
69644,2510.530969650114,10,760,174,913,213,10/6/2017
2810,4757.234981665257,55,417,520,213,881,10/7/2017
90662,8012.719930897194,65,689,859,344,178,10/8/2017
48878,644.584218068085,15,246,284,811,71,10/9/2017
26288,999.6818057388143,50,996,684,368,206,10/10/2017
82466,1182.979759177597,40,66,822,493,436,10/11/2017
94928,850.34662130941,95,622,233,853,413,10/12/2017
23948,5071.120634674262,80,951,51,789,295,10/13/2017
33038,7810.1899764251275,70,386,327,588,26,10/14/2017
14936,3449.3542459073274,90,813,958,310,786,10/15/2017
27572,9875.349634547269,5,225,293,839,380,10/16/2017
24176,381.9901749313128,70,1,412,40,842,10/17/2017
93164,4220.475994285158,25,81,628,79,976,10/18/2017
34508,844.5577376377883,5,419,699,178,621,10/19/2017
64214,1290.7023883426277,5,976,670,405,373,10/20/2017
37598,592.1122840973849,90,909,900,80,553,10/21/2017
87626,6659.517264381169,25,453,204,410,133,10/22/2017
5540,1929.16664429539,70,661,566,739,79,10/23/2017
26444,174.79319855208774,85,760,550,899,905,10/24/2017
54548,8079.883219093062,5,292,388,410,297,10/25/2017
33614,6690.75232183932,75,869,520,177,198,10/26/2017
73340,365.5197555855573,15,652,667,989,38,10/27/2017
2906,8289.051696049795,65,54,734,311,630,10/28/2017
39326,2748.394899597245,90,595,725,3,261,10/29/2017
50102,2583.394437741846,10,146,147,674,91,10/30/2017
57332,6385.570727736628,30,382,920,949,404,10/31/2017
59456,3642.6433087780897,85,557,106,340,975,11/1/2017
28298,3967.9030101407743,65,839,377,79,337,11/2/2017
36872,9625.015807623038,90,583,890,367,178,11/3/2017
84452,1181.5712921117401,20,308,278,145,308,11/4/2017
50720,3919.317932480329,25,2,30,616,476,11/5/2017
71234,4045.9985613688154,55,25,402,515,38,11/6/2017
32390,2571.2756203656263,90,809,385,449,451,11/7/2017
70496,3959.990487100962,15,502,546,736,297,11/8/2017
15896,4075.313427065375,35,75,10,704,562,11/9/2017
52892,1967.6121188389645,90,385,151,140,29,11/10/2017
59666,7352.555176968523,25,825,542,779,831,11/11/2017
4574,2496.155378225647,75,526,888,69,580,11/12/2017
28676,3615.179294638339,85,919,731,424,877,11/13/2017
89834,9968.637880276281,25,185,626,446,454,11/14/2017
36284,6641.859296342474,90,597,261,405,872,11/15/2017
7466,8586.338133731697,80,393,132,461,333,11/16/2017
84116,8126.373003350798,55,913,246,353,997,11/17/2017
53372,4596.495785228565,45,918,949,555,345,11/18/2017
14792,6741.931461073706,50,938,656,852,362,11/19/2017
39338,317.0687531718373,50,184,417,651,641,11/20/2017
95192,9652.860850628544,5,960,40,521,11,11/21/2017
35774,7253.189728257448,55,46,318,440,128,11/22/2017
35222,9382.205627215904,95,622,284,936,498,11/23/2017
15218,3738.7865272569734,80,942,435,366,205,11/24/2017
73940,5078.742604722167,30,354,304,203,979,11/25/2017
96368,694.9021600027422,95,470,428,816,337,11/26/2017
62828,7367.026568493963,30,607,825,509,291,11/27/2017
7520,7297.54109019061,55,280,86,195,960,11/28/2017
65786,183.21695720325116,35,348,147,851,128,11/29/2017
29822,4909.494231704934,10,48,226,566,29,11/30/2017
29348,8709.67081716622,65,177,30,418,939,12/1/2017
19058,3720.1923068956844,45,321,746,52,161,12/2/2017
41558,5632.89261938737,70,208,970,46,530,12/3/2017
82856,317.80964241667016,95,467,884,179,311,12/4/2017
64634,2694.234737995479,25,235,920,57,607,12/5/2017
35900,2940.0591730549277,75,787,581,826,146,12/6/2017
76754,5177.2918267537025,80,524,209,433,304,12/7/2017
20984,3732.0340318481294,40,902,883,712,709,12/8/2017
18836,9358.6525029245,15,449,289,31,927,12/9/2017
2276,4652.104020586073,85,971,583,563,664,12/10/2017
82028,3964.6667679429606,80,894,811,909,725,12/11/2017
84836,4534.773070915407,95,826,959,803,833,12/12/2017
72014,6186.166630992591,15,176,54,926,846,12/13/2017
71696,7078.111419937923,40,767,338,885,588,12/14/2017
10586,6450.330553757025,90,627,447,830,67,12/15/2017
62186,8010.44596010235,30,650,977,385,17,12/16/2017
75044,5976.122655732667,90,331,835,475,935,12/17/2017
88040,7716.862688160107,75,227,674,801,714,12/18/2017
84446,3278.3384812651047,10,721,697,987,150,12/19/2017
3806,1412.9674018279159,15,371,241,947,969,12/20/2017
99056,1884.1912728953325,65,943,157,139,378,12/21/2017
99788,3335.8308495994656,20,604,713,615,782,12/22/2017
42572,1936.18629705286,85,82,510,768,961,12/23/2017
14756,552.5425339932606,80,582,33,50,649,12/24/2017
49778,5328.431534629117,95,818,741,855,647,12/25/2017
30512,8506.555642351666,25,97,649,474,702,12/26/2017
30644,5846.768748082705,10,905,991,262,864,12/27/2017
95354,5812.278503693979,5,338,236,681,945,12/28/2017
82688,2077.2751742120477,60,532,931,561,917,12/29/2017
38720,6944.414221522877,55,497,46,118,97,12/30/2017
27998,5050.182618195362,45,577,558,733,74,12/31/2017
78758,2082.274557981134,65,624,966,50,363,1/1/2018
48308,5174.08983429071,45,979,331,107,436,1/2/2018
32684,5908.339218551259,90,519,380,332,21,1/3/2018
52322,1167.8571831809074,15,596,620,996,170,1/4/2018
48272,1555.5920318236124,30,605,316,625,29,1/5/2018
4394,561.5925192752832,85,71,270,939,403,1/6/2018
44030,2285.146180128879,70,181,243,529,94,1/7/2018
20168,7471.876326006742,75,644,579,160,157,1/8/2018
34328,4319.325868634861,25,700,786,575,293,1/9/2018
40898,4745.532741986178,45,501,840,166,776,1/10/2018
50384,9104.246859113615,70,177,958,727,435,1/11/2018
11120,8679.066670883572,95,636,875,871,149,1/12/2018
94574,7316.058827286402,95,729,10,365,22,1/13/2018
80792,1824.0582243114889,65,833,953,64,761,1/14/2018
36188,9282.772985812506,35,335,257,827,966,1/15/2018
66980,109.32757259698862,5,560,551,157,21,1/16/2018
47012,3497.377814417344,65,321,952,664,931,1/17/2018
91376,8667.748255395096,35,605,42,311,5,1/18/2018
88880,3877.0876288605114,65,662,692,810,997,1/19/2018
91874,7835.5567037179135,85,212,204,280,779,1/20/2018
66068,9753.657375325633,90,524,397,569,155,1/21/2018
7658,5013.19226893176,60,260,211,385,511,1/22/2018
99380,5927.447319673478,15,798,373,826,748,1/23/2018
52064,4072.884877014805,65,699,950,782,556,1/24/2018
6590,6245.483949570986,75,565,592,711,256,1/25/2018
90434,2004.3890130185102,30,109,21,685,75,1/26/2018
48176,1541.4053523407551,20,15,718,962,260,1/27/2018
614,6759.6170877649065,25,821,341,763,157,1/28/2018
92558,2627.846603678435,35,965,104,276,685,1/29/2018
54956,5148.941988942094,65,834,353,853,522,1/30/2018
62150,7500.572047929891,10,799,738,272,460,1/31/2018
52994,5694.040785996492,10,400,563,611,560,2/1/2018
65672,9781.131114723068,5,764,65,292,156,2/2/2018
28136,9195.008862983868,30,413,553,936,803,2/3/2018
54176,7897.0825649616945,55,117,766,986,554,2/4/2018
13538,1782.6932449524616,55,454,818,617,469,2/5/2018
37574,2268.722672902061,20,91,969,603,589,2/6/2018
55970,354.19494343597785,45,510,334,423,760,2/7/2018
33680,6010.1150547177285,70,945,505,523,846,2/8/2018
68510,7367.687220785234,20,848,618,549,30,2/9/2018
68444,5186.428817621076,95,331,562,322,476,2/10/2018
64508,6578.522323464161,65,189,388,463,373,2/11/2018
59432,3568.5620625549145,80,604,652,586,551,2/12/2018
66968,3964.6566573597984,45,317,240,319,983,2/13/2018
52238,5488.105598910414,80,587,66,671,458,2/14/2018
53240,7766.596866613319,50,152,874,782,424,2/15/2018
82142,3923.002401310421,90,544,715,474,769,2/16/2018
60254,9310.752898812201,10,303,968,571,777,2/17/2018
3374,4505.433748694694,30,242,957,988,877,2/18/2018
26648,1730.5354673907782,30,583,379,367,632,2/19/2018
61220,1190.16522512751,5,371,846,869,327,2/20/2018
80408,9668.87030470954,90,135,692,27,628,2/21/2018
75842,2227.3530677978474,55,739,360,402,138,2/22/2018
94130,9323.01615736651,75,522,509,918,635,2/23/2018
91112,4999.400406430362,10,577,711,999,827,2/24/2018
25610,5109.386642852539,95,304,780,976,624,2/25/2018
46262,4372.338116767844,50,511,174,122,579,2/26/2018
65816,4467.024411939882,55,267,915,61,960,2/27/2018
41750,2706.885906544186,25,124,377,190,24,2/28/2018
41966,4946.282466908747,75,241,875,748,88,3/1/2018
95954,198.89228231535816,10,209,463,804,623,3/2/2018
90758,2148.013453400752,60,724,908,8,413,3/3/2018
12902,7922.16608714144,5,75,928,481,42,3/4/2018
69218,741.3361283968173,10,489,886,591,52,3/5/2018
46988,4207.361842557214,20,965,345,358,988,3/6/2018
51686,9611.308320564733,40,924,528,609,176,3/7/2018
56318,3149.4245370223744,45,978,706,212,781,3/8/2018
15542,3876.708691894994,60,287,925,752,943,3/9/2018
50474,6568.646876754517,40,6,426,681,314,3/10/2018
95006,2081.620551061809,15,672,849,156,16,3/11/2018
59666,1623.3639810400302,70,796,217,647,410,3/12/2018
3074,9934.0234083664,55,663,643,468,812,3/13/2018
11702,5604.807925944565,25,698,54,296,745,3/14/2018
66986,1297.2354080450336,65,773,713,292,706,3/15/2018
51596,3929.9847725115833,35,425,872,197,30,3/16/2018
39782,9020.161385556932,55,720,483,972,318,3/17/2018
61130,6909.437290825073,25,648,419,861,962,3/18/2018
82262,574.5487463562124,70,175,226,838,351,3/19/2018
20480,4068.2326120773073,5,244,350,667,676,3/20/2018
98546,9818.704378949393,35,569,227,185,743,3/21/2018
7862,3694.117861151328,90,972,86,688,631,3/22/2018
65750,9719.109613409622,20,705,612,761,50,3/23/2018
27890,9248.973007027973,5,212,179,520,113,3/24/2018
74852,8426.854813743368,5,330,685,807,781,3/25/2018
40382,7107.395822764612,95,551,207,945,257,3/26/2018
37220,7484.244856895914,90,494,164,876,565,3/27/2018
57644,7343.037612450378,70,580,743,233,933,3/28/2018
2174,7417.308599321026,30,250,447,56,242,3/29/2018
54224,6918.632515879863,20,440,809,886,123,3/30/2018
66722,1221.6311470124454,60,893,895,635,42,3/31/2018
4514,1013.5651494472961,50,437,564,83,698,4/1/2018
65066,8075.143075985814,60,133,809,444,901,4/2/2018
25034,1102.6506762396375,35,594,912,25,17,4/3/2018
91988,5705.621644095442,70,807,848,911,613,4/4/2018
89858,158.23025513023725,35,385,407,599,622,4/5/2018
68690,1775.2077206094766,75,538,622,914,863,4/6/2018
38882,6281.037605246595,95,21,275,165,994,4/7/2018
67358,6000.539054060643,5,244,405,5,591,4/8/2018
740,3432.620680882311,50,336,322,18,207,4/9/2018
64550,6826.057639889216,65,576,639,271,712,4/10/2018
74942,9117.584417030605,25,347,902,125,625,4/11/2018
39224,384.31211974168366,45,820,541,19,982,4/12/2018
67016,2533.068236035618,85,456,336,459,408,4/13/2018
32174,7159.2390522333435,85,945,886,260,893,4/14/2018
22838,221.064840865553,5,959,206,109,119,4/15/2018
63656,6688.798218853259,95,7,760,795,930,4/16/2018
56282,9861.332924182045,35,510,672,908,341,4/17/2018
29054,5138.634498772014,80,828,510,487,649,4/18/2018
45506,3605.685079022856,65,321,248,60,774,4/19/2018
16694,8723.024558029476,65,399,911,60,583,4/20/2018
89654,6130.114196836878,40,617,465,698,324,4/21/2018
8048,5592.906289819557,80,270,861,17,910,4/22/2018
13100,8897.626722135927,10,623,100,891,477,4/23/2018
46298,2690.296663151276,75,431,364,943,892,4/24/2018
99074,4667.232512985399,95,315,242,72,796,4/25/2018
4526,7221.333288707665,25,665,849,339,207,4/26/2018
22580,605.2374284326104,80,999,203,378,861,4/27/2018
28766,355.5081531319689,10,850,516,836,149,4/28/2018
85496,1665.1538268022375,15,673,655,436,86,4/29/2018
62918,8313.391337626173,30,450,141,839,581,4/30/2018
49646,9149.883033167092,45,50,340,986,376,5/1/2018
4064,5088.556941578243,75,548,906,59,5,5/2/2018
3944,3807.4571287953854,45,35,445,989,377,5/3/2018
87704,3215.213080752553,40,333,166,576,498,5/4/2018
15386,9758.729908272622,85,892,599,896,18,5/5/2018
68492,7212.0562566016015,40,361,293,184,658,5/6/2018
78944,410.48473801993464,90,211,11,981,935,5/7/2018
33878,5218.47691975751,75,320,730,544,954,5/8/2018
17846,647.5720707668662,45,28,343,587,913,5/9/2018
6536,8962.400313377108,35,985,279,636,885,5/10/2018
81692,275.7603792650388,40,494,116,956,632,5/11/2018
7322,9444.940625573416,60,624,588,887,377,5/12/2018
1172,2014.0767195348699,65,408,925,826,971,5/13/2018
61730,2378.334190998645,25,377,688,266,859,5/14/2018
29858,6432.637311192011,85,298,19,475,897,5/15/2018
91988,3468.358000757051,55,369,910,733,812,5/16/2018
64328,4507.037483675064,50,240,113,298,549,5/17/2018
14030,4065.9763230836247,10,803,802,96,882,5/18/2018
67022,9722.111546221136,60,926,455,431,907,5/19/2018
1760,3682.3695810696945,65,97,207,2,333,5/20/2018
89858,6902.23585001722,65,148,428,229,221,5/21/2018
16112,5416.072653447403,10,650,128,78,171,5/22/2018
74606,6394.408523129427,40,517,262,539,87,5/23/2018
3428,512.9672448818529,70,482,674,426,74,5/24/2018
12170,7161.917476158543,25,551,806,810,485,5/25/2018
20894,1699.9681164857748,10,992,490,803,13,5/26/2018
68426,8377.855101007339,85,699,791,830,568,5/27/2018
66080,7046.588454643438,20,563,306,182,237,5/28/2018
2090,3028.8211502346444,35,454,438,992,982,5/29/2018
29402,1854.359166914292,35,914,991,162,570,5/30/2018
84422,8535.400659353163,50,53,736,349,181,5/31/2018
88640,7897.826524500727,20,443,39,224,144,6/1/2018
19250,4711.080348211138,25,660,297,685,931,6/2/2018
37112,1037.4476045595945,45,858,185,426,500,6/3/2018
18350,1329.9180905777102,25,575,278,196,130,6/4/2018
20306,6797.289603942876,25,175,969,254,558,6/5/2018
40538,8181.580214138329,65,975,786,235,590,6/6/2018
49802,2709.5892249405642,70,1,87,439,14,6/7/2018
65702,7930.0862084684395,5,173,914,929,731,6/8/2018
25346,7862.156240576684,90,455,257,541,194,6/9/2018
73724,1019.6324929767037,85,629,995,806,489,6/10/2018
17762,6291.293465473099,50,243,512,717,58,6/11/2018
24092,1329.4063461291314,65,714,631,558,54,6/12/2018
24566,1339.0690376147368,30,524,221,186,469,6/13/2018
37868,5766.352049878364,95,910,892,639,90,6/14/2018
93692,3171.524745254487,90,808,159,948,921,6/15/2018
78170,5785.582003323682,65,343,444,584,593,6/16/2018
99074,2689.9705206505782,30,41,949,897,105,6/17/2018
26024,4766.966306089905,30,170,556,316,481,6/18/2018
84896,4085.507608632583,95,53,111,947,553,6/19/2018
42074,6174.993726910626,75,428,597,457,521,6/20/2018
71096,2436.1249458908974,25,146,564,343,682,6/21/2018
80522,4816.752467387346,35,33,3,307,230,6/22/2018
98036,6215.790490129419,45,934,873,980,98,6/23/2018
89594,5536.405666601375,15,779,22,823,537,6/24/2018
71252,9413.025845912805,60,610,559,39,81,6/25/2018
37946,529.753994940867,45,275,466,35,101,6/26/2018
87044,6256.5905678102345,10,809,706,448,866,6/27/2018
95120,4871.567746497014,55,142,994,267,176,6/28/2018
4778,1785.5608153587748,35,501,312,651,625,6/29/2018
57878,1624.2693462220454,20,264,72,446,657,6/30/2018
1496,272.34298063964854,25,356,743,393,484,7/1/2018
20438,2577.01853989417,35,164,393,451,57,7/2/2018
60650,8138.703913717552,5,948,465,79,288,7/3/2018
17756,6476.930732396857,10,4,57,346,718,7/4/2018
47708,7288.566764836286,15,290,757,646,882,7/5/2018
97136,6640.257814767614,85,756,708,813,248,7/6/2018
674,8900.257250580717,30,92,413,213,338,7/7/2018
19376,532.81613893357,30,402,525,326,128,7/8/2018
25808,8639.69566370419,15,705,443,314,652,7/9/2018
20420,1205.0006026243097,65,566,996,977,308,7/10/2018
74876,5961.886414763948,35,988,673,652,387,7/11/2018
4184,8581.724215075743,90,598,889,38,308,7/12/2018
30158,2992.3898772764314,55,672,77,728,507,7/13/2018
70778,6646.792145655333,55,401,646,858,890,7/14/2018
17822,3537.0710655526113,15,280,663,319,182,7/15/2018
56048,6534.288801685001,45,67,508,59,607,7/16/2018
812,8672.153508857702,75,372,491,349,766,7/17/2018
40292,3115.129298680313,45,497,698,938,476,7/18/2018
22556,3197.5522070760812,90,609,300,631,528,7/19/2018
9734,1642.1804484930478,25,13,318,89,221,7/20/2018
46802,6453.533609980383,55,605,77,651,989,7/21/2018
70604,600.4260256644498,90,414,289,407,761,7/22/2018
30758,5802.5072779063275,95,948,46,486,190,7/23/2018
63722,5281.577286336341,40,63,725,410,420,7/24/2018
13826,2713.090835668441,30,226,746,583,364,7/25/2018
35990,736.3651528951175,75,664,755,499,13,7/26/2018
60896,4487.495272215697,90,853,204,842,674,7/27/2018
77654,3269.197260062547,90,828,853,723,831,7/28/2018
76238,2838.3136107056343,80,797,118,62,267,7/29/2018
21230,2149.0177457073983,5,870,601,583,178,7/30/2018
11900,7026.188641770962,95,789,234,754,737,7/31/2018
89954,9473.113053533456,10,999,973,798,155,8/1/2018
4964,390.10574326800065,40,151,496,68,447,8/2/2018
35114,709.7410106466202,80,46,73,501,15,8/3/2018
27356,6642.834959240724,75,627,33,428,185,8/4/2018
15470,9427.267479628146,75,97,513,926,807,8/5/2018
14684,4052.357386909416,30,458,680,382,535,8/6/2018
45800,5375.595722710849,65,389,848,365,689,8/7/2018
11636,8114.199453297311,55,872,358,593,733,8/8/2018
40508,1232.6105145546449,55,450,509,326,824,8/9/2018
8330,4803.5543436806865,65,495,99,388,933,8/10/2018
75206,5767.827860841975,70,690,152,809,868,8/11/2018
24410,6938.962677268575,15,660,143,746,336,8/12/2018
50702,4868.475080075042,20,881,652,849,701,8/13/2018
19694,8859.423913201614,60,473,553,689,177,8/14/2018
30692,9688.121742836229,20,635,726,457,409,8/15/2018
62552,8100.070350716927,5,146,465,924,128,8/16/2018
37310,5267.577084583106,15,291,150,952,746,8/17/2018
824,2369.680676308284,50,876,10,823,86,8/18/2018
30812,1409.2497418763649,60,86,783,67,763,8/19/2018
64070,4872.530946467868,30,437,796,592,567,8/20/2018
5888,5999.662749560609,75,510,34,499,13,8/21/2018
47372,4413.385313017542,30,389,162,859,356,8/22/2018
54662,1221.2333309115659,15,820,935,266,644,8/23/2018
68714,2069.268676896868,20,711,431,722,515,8/24/2018
31478,5960.138227376142,85,6,942,12,363,8/25/2018
2468,4691.91833608712,65,322,364,537,551,8/26/2018
74312,4889.4007089013885,90,607,994,661,377,8/27/2018
72902,3107.0967378584915,55,145,67,160,652,8/28/2018
25100,2825.441429057916,35,413,325,328,767,8/29/2018
32630,5128.460997345155,80,738,472,646,157,8/30/2018
69044,1061.1287236870344,5,752,304,218,665,8/31/2018
21512,7358.199120065241,15,772,966,376,79,9/1/2018
44132,628.712386705145,90,548,184,414,628,9/2/2018
65708,4482.789532192205,35,684,133,392,828,9/3/2018
36284,2643.2614283519365,15,512,460,482,898,9/4/2018
36890,924.0062854697628,45,395,483,681,486,9/5/2018
56174,2540.0297209724677,25,29,944,503,958,9/6/2018
89492,8468.616126487517,95,294,352,56,259,9/7/2018
95522,4287.81916642085,85,150,833,891,425,9/8/2018
50126,3192.3466749632953,60,461,373,624,85,9/9/2018
95768,9755.51067495576,20,807,678,122,917,9/10/2018
23450,3474.20882834775,10,422,414,567,703,9/11/2018
62354,2397.59849240137,40,204,579,681,789,9/12/2018
29090,735.7823674531185,35,577,212,156,421,9/13/2018
70202,9948.926889160102,5,673,548,824,111,9/14/2018
6554,7454.158240014669,35,884,981,895,595,9/15/2018
74354,3975.0696884382673,30,461,851,463,129,9/16/2018
40448,6531.447465068464,45,591,221,630,674,9/17/2018
56126,8508.001997941243,50,11,355,207,289,9/18/2018
21122,9129.602489369043,55,574,870,303,692,9/19/2018
50576,5907.58110297293,85,981,99,23,284,9/20/2018
12362,6974.668792928154,5,959,903,656,102,9/21/2018
78782,4329.498828666601,35,415,172,712,161,9/22/2018
22406,5976.212611614768,25,597,908,477,511,9/23/2018
64004,3764.5204957893925,90,895,850,857,335,9/24/2018
1358,1454.728680482566,55,417,924,345,546,9/25/2018
99500,8778.27888287383,50,341,977,539,616,9/26/2018
