Cust_ID,Cust_FName,Cust_LName,Cust_Address,Cust_City,Cust_Country,Cust_State,Cust_Zip,Cust_PhoneNum
1,Nev,Stoak,74 Michigan Parkway,Whittier,US,California,90610,562-227-2540
2,Loutitia,Astles,77 Miller Drive,Peoria,US,Illinois,61651,309-229-0156
3,Othilie,Bonevant,6 Lake View Point,Hartford,US,Connecticut,06140,860-287-6193
4,Neile,Farge,721 Rockefeller Plaza,Cincinnati,US,Ohio,45999,513-239-0826
5,Bernadette,Hesse,73075 2nd Parkway,San Jose,US,California,95118,408-212-8688
6,Mattias,McKinnon,2 Prairieview Crossing,Pittsburgh,US,Pennsylvania,15286,412-592-0750
7,Hy,Aizkovitch,2214 Scott Point,Indianapolis,US,Indiana,46239,317-661-4763
8,Darb,Samudio,167 Acker Court,South Bend,US,Indiana,46634,574-639-3009
9,Antonina,Scorrer,2027 Delladonna Lane,Madison,US,Wisconsin,53716,608-928-7997
10,Dell,Broxholme,40330 Almo Lane,Mobile,US,Alabama,36616,251-892-1536
11,Garrot,Sarver,98 Hansons Road,Philadelphia,US,Pennsylvania,19093,215-603-8227
12,Tamqrah,Stokey,9193 Florence Hill,Fort Worth,US,Texas,76162,682-291-5866
13,Clemmie,McGeffen,31494 Hoepker Trail,Dallas,US,Texas,75265,214-906-9541
14,Hester,Gwynne,3 Westridge Crossing,San Diego,US,California,92170,619-360-0093
15,Carl,Buterton,4 Towne Way,Tulsa,US,Oklahoma,74149,918-190-4250
16,Loydie,Dicty,469 Hagan Parkway,Louisville,US,Kentucky,40266,502-942-4607
17,Hersch,Kilfeather,0838 Mayfield Drive,Kansas City,US,Missouri,64187,816-571-8728
18,Ralina,Yerrill,060 Acker Circle,Denver,US,Colorado,80279,303-223-6728
19,Ulrich,MacFadden,7 Summerview Pass,Minneapolis,US,Minnesota,55412,612-951-7879
20,Charline,Quayle,54 Kinsman Road,Atlanta,US,Georgia,31165,404-426-2138
21,Ashlen,Deny,717 Porter Alley,Boston,US,Massachusetts,02109,617-326-7207
22,Sashenka,Somerled,8 Warner Place,Pocatello,US,Idaho,83206,208-992-5449
23,Charley,Buer,3151 Moland Junction,Bakersfield,US,California,93305,661-950-4716
24,Ellwood,Dalgarnowch,391 Kipling Alley,San Jose,US,California,95108,408-461-4418
25,Merralee,Nystrom,26 South Center,Fort Collins,US,Colorado,80525,970-749-5075
26,Ignazio,Creboe,8 Huxley Drive,Tucson,US,Arizona,85725,520-976-8222
27,Hendrick,Skein,7810 Old Gate Trail,Houston,US,Texas,77065,281-824-2084
28,Claire,Loxdale,57677 Grover Alley,Fort Myers,US,Florida,33906,239-349-7434
29,Christophe,Syddall,03823 Reinke Point,Norfolk,US,Virginia,23520,757-235-6394
30,Martita,Slipper,703 Bartillon Street,Louisville,US,Kentucky,40287,502-490-8564
31,Melba,Saich,7 East Hill,Ventura,US,California,93005,805-112-9423
32,Abie,Battaille,76 Jenna Way,Huntington,US,West Virginia,25726,304-480-1378
33,Illa,Cutmare,0348 Sherman Court,Columbus,US,Georgia,31904,706-147-1800
34,Leonhard,Stadden,58513 Dahle Point,Washington,US,District of Columbia,20041,703-999-4252
35,Oralee,Cole,898 Loeprich Crossing,Macon,US,Georgia,31296,478-898-3710
36,Ronni,Askaw,01782 Graceland Trail,New York City,US,New York,10292,212-466-9237
37,Rollin,Shevell,5143 Schlimgen Avenue,Dallas,US,Texas,75392,214-723-3165
38,Brose,Staff,4 Lyons Circle,Greeley,US,Colorado,80638,970-733-1934
39,Reggi,Seeds,737 Delaware Way,Milwaukee,US,Wisconsin,53205,414-881-1641
40,Corena,Campany,80433 Anthes Hill,Sacramento,US,California,94280,916-199-0910
41,Berkley,Bolmann,0934 Fieldstone Avenue,Jackson,US,Mississippi,39282,601-415-9292
42,Brand,Raccio,92 Green Ridge Parkway,North Little Rock,US,Arkansas,72199,501-787-3437
43,Tanny,Tivers,0052 Lillian Trail,New Haven,US,Connecticut,06510,203-960-1997
44,Ethe,Knights,4 Sachtjen Center,San Antonio,US,Texas,78265,210-902-7948
45,Devin,Swalough,92 Killdeer Alley,Roanoke,US,Virginia,24014,540-740-3527
46,Reena,Cumpsty,03 Beilfuss Point,New Haven,US,Connecticut,06533,203-339-8066
47,Hannis,Waby,78 Oakridge Hill,Amarillo,US,Texas,79171,806-645-5682
48,Sauncho,Kneeshaw,8060 Swallow Avenue,San Francisco,US,California,94159,415-128-5408
49,Elinore,Ethington,9772 Prairieview Park,Lancaster,US,Pennsylvania,17605,717-145-7302
50,Bess,MacCaig,3 Hooker Drive,Tuscaloosa,US,Alabama,35487,205-922-4430
51,Adamo,Buy,4 Saint Paul Parkway,Riverside,US,California,92513,951-646-6491
52,Aryn,Loudiane,8 Northview Center,Birmingham,US,Alabama,35225,205-516-8846
53,Angelle,Gleader,8 Fairview Drive,Kansas City,US,Kansas,66160,913-806-9812
54,Raynell,Saunier,01 Mesta Park,Abilene,US,Texas,79605,325-286-8537
55,Jennica,Ottosen,667 Alpine Lane,Baton Rouge,US,Louisiana,70820,225-544-6163
56,Honoria,Storah,177 Spohn Parkway,Port Charlotte,US,Florida,33954,941-870-7398
57,Etty,Egerton,21 Colorado Alley,Chicago,US,Illinois,60646,773-166-8074
58,Glenn,McKenney,57 Birchwood Way,Omaha,US,Nebraska,68164,402-500-4192
59,Leland,Dundridge,98725 Cody Drive,Pittsburgh,US,Pennsylvania,15210,724-656-9239
60,Wilden,Stein,3 Pearson Hill,Huntington,US,West Virginia,25711,304-216-9763
61,Faye,Motten,34490 Mitchell Lane,Corpus Christi,US,Texas,78465,361-736-5557
62,Maxi,Meeson,070 Fordem Avenue,Charlotte,US,North Carolina,28278,704-340-2692
63,Roscoe,Geer,6903 Mifflin Parkway,Macon,US,Georgia,31296,478-678-7118
64,Nannie,Probyn,1 Northport Street,New Haven,US,Connecticut,06538,203-341-2407
65,Norris,Lidstone,7503 Hayes Crossing,Worcester,US,Massachusetts,01654,508-684-3666
66,Mildrid,Maffioletti,0 Eggendart Terrace,Panama City,US,Florida,32405,850-373-4836
67,Marina,Noddles,2 Farragut Trail,Gary,US,Indiana,46406,219-761-6019
68,Max,Maunder,5627 Buhler Crossing,Detroit,US,Michigan,48211,734-168-8176
69,Oralla,Piesold,1 Hayes Way,Indianapolis,US,Indiana,46231,317-542-9887
70,Harvey,Parradice,14905 Loomis Avenue,Birmingham,US,Alabama,35220,205-743-1143
71,Tarrah,Balentyne,14 International Avenue,San Jose,US,California,95133,408-860-8759
72,Ceil,McReynold,382 Ridgeview Point,Dulles,US,Virginia,20189,571-146-3098
73,Bevon,Wrates,23 Susan Parkway,Dallas,US,Texas,75323,214-912-9041
74,Dredi,Stallard,3 Sugar Circle,Memphis,US,Tennessee,38104,615-205-9448
75,Scarface,Ogborn,4227 Grover Terrace,Saint Louis,US,Missouri,63180,314-394-9212
76,Rebe,Reynolds,6384 Thierer Drive,Winston Salem,US,North Carolina,27157,336-976-7250
77,Mallory,Hugues,28 Hagan Trail,Dayton,US,Ohio,45408,937-574-6605
78,Gonzalo,Ondrich,9684 Monument Avenue,Washington,US,District of Columbia,20099,202-171-9416
79,Siana,Topper,22658 Mallory Pass,Monroe,US,Louisiana,71208,318-529-3640
80,Claire,McCarlie,76834 Anderson Center,Columbus,US,Ohio,43226,614-866-9972
81,Cary,Freed,5959 Burning Wood Lane,Fresno,US,California,93778,559-329-2137
82,Errol,Coit,3 Scott Drive,Jamaica,US,New York,11480,917-516-1888
83,Giacobo,Carlsson,46669 Summerview Lane,Topeka,US,Kansas,66629,785-997-2502
84,Perice,Clitheroe,7895 Surrey Crossing,Las Vegas,US,Nevada,89125,702-165-0649
85,Dinnie,Howell,220 2nd Park,Charlottesville,US,Virginia,22903,434-911-0199
86,Dawna,Brighouse,93 Donald Terrace,Baltimore,US,Maryland,21265,410-410-3814
87,Jedidiah,Kusick,5 Chive Avenue,Rochester,US,New York,14609,585-696-9637
88,Shelby,Trayte,7 Michigan Place,Rochester,US,New York,14639,585-320-9617
89,Filbert,Pimlett,8442 Calypso Court,Montgomery,US,Alabama,36195,334-219-0393
90,Hill,Grosvenor,18231 East Pass,Anaheim,US,California,92805,310-492-5406
91,Arin,Pietersen,41305 Warner Crossing,Evansville,US,Indiana,47712,812-999-4497
92,Padgett,Jennick,72438 South Hill,Indianapolis,US,Indiana,46207,317-899-0584
93,Daryl,Jamson,37 Utah Lane,Topeka,US,Kansas,66606,785-566-1013
94,Reggie,Sandels,605 Dayton Street,Reston,US,Virginia,20195,703-322-0148
95,Alden,Joysey,12325 Susan Lane,Watertown,US,Massachusetts,02472,857-977-2119
96,Maribel,Skeath,4384 Dawn Junction,Anderson,US,Indiana,46015,765-759-4033
97,Anstice,Kapelhof,04195 Badeau Terrace,Boca Raton,US,Florida,33432,561-122-5467
98,Ariel,Biner,7770 Arizona Court,Greenville,US,South Carolina,29605,864-793-2706
99,Towney,Bowser,69019 Hagan Trail,Reston,US,Virginia,20195,703-239-9610
100,Jarret,Hansmann,92524 Corry Pass,Montgomery,US,Alabama,36134,334-187-0622
101,Jocelin,Lensch,5 Spohn Circle,Stamford,US,Connecticut,06912,203-718-0422
102,Julissa,Haldon,124 Warbler Street,Houston,US,Texas,77293,281-482-3987
103,Ronda,Myderscough,7337 Old Shore Center,North Little Rock,US,Arkansas,72118,501-906-0420
104,Filide,Laux,8243 Lakewood Gardens Circle,Washington,US,District of Columbia,20535,202-547-5225
105,Catherine,Poytheras,32458 Reinke Terrace,Houston,US,Texas,77035,281-807-5045
106,Jakob,Catling,26 Lighthouse Bay Court,Springfield,US,Virginia,22156,571-928-2693
107,Brooks,Annable,5016 Shoshone Point,Sacramento,US,California,95818,916-379-1628
108,Gwenora,Beresfore,00 Heffernan Plaza,Louisville,US,Kentucky,40266,502-377-3908
109,Ernestine,Shieber,19442 Judy Drive,Littleton,US,Colorado,80127,720-867-7962
110,Niall,Suttill,79 Helena Point,Buffalo,US,New York,14210,716-888-9155
111,Keriann,Ankers,291 Fuller Drive,Jefferson City,US,Missouri,65110,573-855-0153
112,Massimo,Brayn,283 Monterey Place,Temple,US,Texas,76505,254-697-2157
113,Delila,Gwinnell,6 Starling Center,Akron,US,Ohio,44310,330-450-3684
114,Saidee,Petrushkevich,6 Homewood Trail,Worcester,US,Massachusetts,01654,508-290-0212
115,Jeri,Middlemiss,0158 Wayridge Plaza,Brooklyn,US,New York,11225,718-398-3954
116,Lory,Geldert,0 Dunning Park,Trenton,US,New Jersey,08608,609-397-7414
117,Christiano,Beagrie,4141 American Plaza,Boston,US,Massachusetts,02119,617-306-0663
118,Thalia,Ernke,54 Myrtle Road,Baltimore,US,Maryland,21290,410-631-0228
119,Harwilll,Impey,777 Briar Crest Parkway,Canton,US,Ohio,44705,330-226-5219
120,Corri,Hawford,3041 Daystar Alley,Joliet,US,Illinois,60435,815-259-7460
121,Leshia,Vidgen,657 Surrey Point,Salt Lake City,US,Utah,84152,801-666-3974
122,Myer,Polding,56580 Green Ridge Crossing,Philadelphia,US,Pennsylvania,19146,215-930-7440
123,Melinde,Hiddersley,593 Anniversary Point,San Diego,US,California,92105,619-759-7563
124,Oriana,Staite,9056 Sauthoff Terrace,Lake Charles,US,Louisiana,70607,337-256-2961
125,Lind,Braime,2563 Dwight Hill,Little Rock,US,Arkansas,72222,501-972-7193
126,Raye,Yegorov,08 Westerfield Point,Alpharetta,US,Georgia,30022,770-670-1484
127,Raychel,Glasspoole,637 South Place,Memphis,US,Tennessee,38126,901-784-7728
128,Saree,Markham,65 Esch Place,Laredo,US,Texas,78044,956-960-4271
129,Gloriane,Tidswell,39 Judy Avenue,Juneau,US,Alaska,99812,907-701-6773
130,Dodi,Clouter,33467 Gateway Park,Nashville,US,Tennessee,37228,615-274-3884
131,Xaviera,La Croce,96 Katie Pass,Charleston,US,West Virginia,25336,304-309-4913
132,Caressa,Ledbetter,93118 Hayes Avenue,Charleston,US,West Virginia,25331,304-859-5067
133,Terrijo,Badrick,51 Homewood Hill,Dayton,US,Ohio,45426,937-787-1367
134,Danila,Breede,4475 Schlimgen Terrace,Saint Petersburg,US,Florida,33742,727-392-6664
135,Dyna,Money,534 Dovetail Pass,Tampa,US,Florida,33694,813-683-3071
136,Roddie,Farndon,53 Forest Dale Plaza,Green Bay,US,Wisconsin,54305,920-315-1518
137,Perren,Janjusevic,379 Tomscot Avenue,Canton,US,Ohio,44760,234-165-5824
138,Lorrayne,Greenleaf,5394 Rigney Junction,Seattle,US,Washington,98115,206-310-4879
139,Harrie,Bruno,8340 Judy Terrace,Worcester,US,Massachusetts,01654,508-122-1653
140,Ula,Deare,76958 Porter Alley,Louisville,US,Kentucky,40256,502-839-7689
141,Natalie,Potkins,00336 Meadow Ridge Hill,Portland,US,Oregon,97221,503-554-0915
142,Malorie,Harrop,09 Cambridge Pass,Seattle,US,Washington,98121,360-213-7790
143,Rianon,Katte,54672 Fairfield Alley,Silver Spring,US,Maryland,20910,202-874-2547
144,Thane,Van Arsdall,5847 Orin Point,Jackson,US,Mississippi,39282,601-674-4866
145,Olivette,Ruggs,72487 Dapin Alley,Denver,US,Colorado,80262,303-502-2831
146,Nappie,Drinkwater,41767 Gulseth Center,Rochester,US,Minnesota,55905,507-259-6322
147,Elisabeth,Hollyard,09 Emmet Junction,Washington,US,District of Columbia,20005,202-324-7914
148,Claire,Danilchev,453 Monument Terrace,Birmingham,US,Alabama,35290,205-787-4080
149,Olive,Wadly,0 Pepper Wood Street,Corpus Christi,US,Texas,78470,361-629-6664
150,Charles,Battyll,643 Holy Cross Way,Chicago,US,Illinois,60641,773-987-8479
151,Lilias,Sheard,45245 Fair Oaks Plaza,Ashburn,US,Virginia,22093,571-249-3504
152,Drugi,Hamlet,78 Karstens Court,Monticello,US,Minnesota,55590,763-332-9844
153,Darnell,Piotrkowski,8 Moland Center,Richmond,US,Virginia,23242,804-353-2609
154,Aryn,Wretham,77 Buell Way,Virginia Beach,US,Virginia,23471,757-530-1112
155,Katinka,Degli Antoni,6 Valley Edge Circle,Denver,US,Colorado,80255,720-507-4451
156,Clive,Flann,9 Charing Cross Way,Dallas,US,Texas,75205,972-542-8434
157,Trudy,Hoggin,57 Paget Street,Austin,US,Texas,78764,512-778-7269
158,Dallon,Muccino,06 Rusk Junction,Dallas,US,Texas,75392,214-987-2451
159,Mason,Tyght,0 Burrows Road,Atlanta,US,Georgia,30323,678-485-6930
160,Carin,Fanning,9785 Myrtle Circle,Juneau,US,Alaska,99812,907-257-3626
161,Pansie,Knath,72 Quincy Trail,Los Angeles,US,California,90189,213-231-0547
162,Klara,Kerfut,8866 Independence Road,Raleigh,US,North Carolina,27690,919-317-3825
163,Virgil,Lott,5175 Gateway Pass,Valdosta,US,Georgia,31605,229-294-7065
164,Karlie,Andrichak,58 5th Point,Atlanta,US,Georgia,30328,770-538-9754
165,Adria,Jannex,33805 Clarendon Plaza,New Orleans,US,Louisiana,70160,504-161-3290
166,Barton,Jeannel,2 Butterfield Alley,Ogden,US,Utah,84409,801-514-3490
167,Ariana,Dunstan,68206 Truax Street,North Hollywood,US,California,91606,323-614-9118
168,Billie,Batson,7858 Grim Street,Dallas,US,Texas,75241,469-998-2879
169,Mallorie,Bodicum,57073 Nancy Way,Young America,US,Minnesota,55551,952-185-3855
170,Steven,Blacktin,9743 Lien Trail,Charleston,US,West Virginia,25362,304-289-8594
171,Fleur,Andraud,5 Scott Street,Pasadena,US,California,91103,323-911-1537
172,Fiona,Batterham,93 Prairie Rose Point,Columbus,US,Ohio,43220,614-322-6246
173,Melisa,Crighton,7759 Sundown Drive,Akron,US,Ohio,44329,330-258-2268
174,Tybalt,Motto,374 Fallview Road,Dallas,US,Texas,75358,214-785-3002
175,Kelsey,Radish,63462 Hudson Avenue,Springfield,US,Illinois,62756,217-783-9104
176,Colleen,Marunchak,6633 Dwight Road,Miami,US,Florida,33196,305-449-4436
177,Silvan,Tumayan,24080 Lien Street,Austin,US,Texas,78769,512-307-0311
178,Gil,Matusov,1 Anderson Crossing,Fort Pierce,US,Florida,34981,772-868-7650
179,Berne,Wrightson,0 Warner Alley,Sarasota,US,Florida,34276,941-540-6767
180,Stormie,Allardyce,2 Nelson Parkway,San Francisco,US,California,94116,415-499-7894
181,Madison,Makinson,823 Old Gate Lane,Denver,US,Colorado,80262,303-764-2253
182,Augusta,Stiegar,41 Lien Drive,Birmingham,US,Alabama,35231,205-982-7201
183,Lenard,Ells,16 Shelley Circle,Crawfordsville,US,Indiana,47937,765-832-5938
184,Diarmid,Poyzer,5023 Melvin Way,Fort Myers,US,Florida,33913,239-514-7323
185,Kippar,MacEllen,88 Roth Street,El Paso,US,Texas,88530,915-182-2334
186,Danya,Pickerill,54 La Follette Trail,Los Angeles,US,California,90087,213-526-2912
187,Zaneta,Kille,29 East Lane,Miami,US,Florida,33153,786-875-1920
188,Joya,Fanthom,68428 Redwing Parkway,Conroe,US,Texas,77305,936-591-7672
189,Quent,Edwardson,72508 Clove Crossing,Durham,US,North Carolina,27710,919-315-7029
190,Terrance,Cuolahan,1238 Westport Plaza,San Antonio,US,Texas,78235,210-930-0680
191,Sibelle,McCaughey,22001 Delladonna Trail,Dallas,US,Texas,75358,214-478-9530
192,Susan,Blenkinship,750 Bonner Place,Sacramento,US,California,94286,916-754-3837
193,Neville,Wallice,35 Clemons Junction,El Paso,US,Texas,79905,915-446-3387
194,Hally,Glaister,8339 Lake View Center,Charlotte,US,North Carolina,28215,704-311-8420
195,Clemente,O'Neary,5350 Forest Dale Road,Bradenton,US,Florida,34282,941-309-4299
196,Hurley,Nehlsen,68115 Badeau Parkway,Oxnard,US,California,93034,805-395-1880
197,Adrianne,Croasdale,3 Clarendon Hill,Salt Lake City,US,Utah,84199,801-441-3225
198,Carny,Petriello,5 Vidon Lane,Spartanburg,US,South Carolina,29319,864-409-7296
199,Bartolemo,Riccardo,26126 Anderson Circle,San Diego,US,California,92191,619-185-8719
200,Zed,Leetham,7 Marquette Lane,Springfield,US,Massachusetts,01129,413-665-0061
201,Trumaine,Mingo,3 Northridge Point,Garland,US,Texas,75049,214-145-2820
202,Jackquelin,Cudihy,70866 Prentice Park,Miami,US,Florida,33158,305-485-9374
203,Giacobo,Rosenboim,502 Kings Trail,Worcester,US,Massachusetts,01605,508-786-4709
204,Jobye,Dacca,290 Green Ridge Lane,Austin,US,Texas,78769,512-562-2092
205,Tiffanie,Illidge,98 Eagle Crest Circle,Montgomery,US,Alabama,36195,334-686-1185
206,Anne-marie,Bunson,58811 Doe Crossing Avenue,Greensboro,US,North Carolina,27415,336-808-7773
207,Linell,MacCome,6 Arkansas Hill,Syracuse,US,New York,13224,315-662-6155
208,Constanta,Druhan,8892 Anthes Plaza,Saint Petersburg,US,Florida,33705,727-205-8017
209,Payton,Fraanchyonok,454 Cambridge Place,Rochester,US,New York,14619,585-184-6693
210,Georgi,Mallock,5 Golf View Terrace,San Mateo,US,California,94405,805-164-0214
211,Shermie,Wattins,611 Mccormick Junction,Miami,US,Florida,33175,305-197-6897
212,Bunnie,Bradie,81599 Commercial Plaza,Harrisburg,US,Pennsylvania,17110,717-833-0236
213,Vanna,Skellon,18557 Welch Parkway,Washington,US,District of Columbia,20380,202-188-1467
214,Keith,Boorer,627 Pleasure Road,Cincinnati,US,Ohio,45203,513-694-9219
215,Myra,Skyram,68993 Ronald Regan Alley,Atlanta,US,Georgia,30368,404-614-5988
216,Bartlet,Bakhrushin,78 Springview Alley,Boston,US,Massachusetts,02109,617-247-8576
217,Abigail,Carmo,524 Pankratz Street,Mesquite,US,Texas,75185,214-938-7551
218,Claresta,Pioch,908 Anhalt Hill,Bethlehem,US,Pennsylvania,18018,484-145-2276
219,Ossie,Wittering,9601 8th Court,Tulsa,US,Oklahoma,74133,918-811-2698
220,Ozzie,Burgher,90 Jenifer Court,Fort Wayne,US,Indiana,46867,260-860-7797
221,Prinz,Chicchetto,90 Arizona Court,El Paso,US,Texas,88535,915-455-4482
222,Ferdinande,Ortet,722 Arrowood Terrace,Buffalo,US,New York,14215,716-119-5628
223,Morgan,Jammes,09 Waubesa Place,Washington,US,District of Columbia,56944,202-644-8894
224,Germaine,Tromans,6 Linden Road,Washington,US,District of Columbia,20580,202-174-0435
225,Lonee,Sayward,524 Melvin Center,El Paso,US,Texas,79955,915-579-7896
226,Thalia,Dunbobbin,19 Goodland Place,North Little Rock,US,Arkansas,72118,501-586-3061
227,Scarface,Pulhoster,7 Moulton Way,Sacramento,US,California,94207,916-306-7602
228,Hewett,Greig,63 Lotheville Court,Washington,US,District of Columbia,20540,202-797-7626
229,Lonnie,Hartshorne,8 Derek Plaza,New Orleans,US,Louisiana,70179,504-993-6010
230,Arnold,Gallichiccio,77 Manufacturers Street,Las Vegas,US,Nevada,89115,702-763-9743
231,Thorndike,Llewellen,926 Randy Pass,Dallas,US,Texas,75323,214-706-1943
232,Carlie,Camous,5726 Southridge Hill,Longview,US,Texas,75605,903-937-4904
233,Joline,Gerardot,84 Gateway Place,Los Angeles,US,California,90045,323-329-6225
234,Kelsey,Hafford,0581 Bowman Street,Washington,US,District of Columbia,20205,202-926-8897
235,Fredi,Ollerton,2686 Trailsway Lane,Murfreesboro,US,Tennessee,37131,615-859-8085
236,Rudolf,Dow,73 Bartillon Alley,Washington,US,District of Columbia,20503,202-671-5617
237,Glenden,Wilmington,09 Hudson Place,Newton,US,Massachusetts,02162,508-625-5975
238,Charles,Childs,509 Fairview Alley,Nashville,US,Tennessee,37228,615-594-5234
239,Gray,Bownd,4377 Kipling Center,Charlottesville,US,Virginia,22903,540-575-9165
240,Marsha,Wotton,4790 Drewry Center,Charleston,US,West Virginia,25362,304-519-3430
241,August,Badsey,0439 Old Gate Hill,Washington,US,District of Columbia,20599,202-525-4861
242,Klarika,Sapey,05 Waubesa Junction,Hyattsville,US,Maryland,20784,301-116-5428
243,Noni,Raffan,0890 Hovde Crossing,Springfield,US,Missouri,65805,417-275-8863
244,Diana,Pagan,32014 Stephen Drive,Gatesville,US,Texas,76598,254-272-5961
245,Waverly,Friday,9 Valley Edge Road,Mc Keesport,US,Pennsylvania,15134,412-293-8300
246,Dore,Khidr,6 Tomscot Court,Charleston,US,West Virginia,25389,304-414-4009
247,Mayne,Sirey,065 Dawn Circle,San Jose,US,California,95118,408-871-6211
248,Meredith,Wilkison,45 Bashford Parkway,Schenectady,US,New York,12305,518-753-8877
249,Ezmeralda,Letterick,899 Basil Court,Orlando,US,Florida,32859,407-229-6216
250,Mina,Mains,4 Gerald Way,Topeka,US,Kansas,66699,785-147-1981
251,Darcie,Virgoe,829 Eggendart Avenue,Youngstown,US,Ohio,44505,330-538-9558
252,Kinsley,Gavin,3037 Waywood Drive,Washington,US,District of Columbia,20310,202-536-2326
253,Carce,Coop,8 Butternut Parkway,Boynton Beach,US,Florida,33436,561-117-4755
254,Franciska,Oppy,2 Sunbrook Drive,Raleigh,US,North Carolina,27615,919-240-5678
255,Cammy,Dickon,238 Union Plaza,Rockford,US,Illinois,61110,815-922-9175
256,Marty,Hallowell,00320 Gerald Street,Waterbury,US,Connecticut,06705,203-801-7070
257,Billie,De Witt,69 Old Gate Lane,Van Nuys,US,California,91406,310-927-8275
258,Elise,Skiggs,5118 Moulton Lane,Indianapolis,US,Indiana,46207,317-458-1618
259,Valle,Smalridge,02 Algoma Avenue,Portland,US,Oregon,97201,971-101-6137
260,Emiline,Phoenix,31 Commercial Terrace,York,US,Pennsylvania,17405,717-493-8662
261,Jeffrey,Oylett,85 Kings Trail,Dayton,US,Ohio,45440,937-800-9379
262,Elihu,Glusby,2403 Moland Way,Salt Lake City,US,Utah,84152,801-289-6129
263,Fowler,Elcox,83 Twin Pines Terrace,Midland,US,Michigan,48670,989-984-6887
264,Towny,De Paoli,9408 Vidon Terrace,Oklahoma City,US,Oklahoma,73197,405-162-0233
265,Brena,Batham,28 Sundown Point,Allentown,US,Pennsylvania,18105,610-119-3275
266,Estell,Levick,101 Boyd Center,Savannah,US,Georgia,31405,912-903-3366
267,Dory,Allcorn,650 Vidon Circle,Clearwater,US,Florida,34620,727-661-9048
268,Berti,Laffan,349 Messerschmidt Pass,Minneapolis,US,Minnesota,55407,651-543-3762
269,Tailor,Vicarey,74 Steensland Parkway,Minneapolis,US,Minnesota,55470,612-433-6901
270,Cynthia,Degenhardt,59 Badeau Center,Springfield,US,Massachusetts,01129,413-239-4645
271,Adriane,Charlewood,484 Algoma Drive,Jacksonville,US,Florida,32259,904-875-9626
272,Maurine,Bettam,36 Stang Trail,Houston,US,Texas,77299,713-312-8741
273,Deedee,Zamorano,3 David Circle,Chicago,US,Illinois,60641,630-155-8388
274,Hunfredo,Stute,4 Melrose Street,Wilmington,US,North Carolina,28410,910-431-0795
275,Eirena,Crennell,90767 Dryden Park,Milwaukee,US,Wisconsin,53225,414-484-9021
276,Carolin,Fullerton,4 Blaine Road,Minneapolis,US,Minnesota,55407,612-105-9435
277,Rita,Byas,1 5th Drive,Chicago,US,Illinois,60663,312-562-1189
278,Gilberte,Corryer,6 Clarendon Hill,Phoenix,US,Arizona,85015,480-697-8278
279,Glenn,Ayscough,5689 Glendale Pass,Baton Rouge,US,Louisiana,70805,225-173-1120
280,Jody,Jacquet,4 Harper Trail,Scranton,US,Pennsylvania,18505,570-490-9742
281,Dorena,Folshom,58073 Cambridge Way,Dallas,US,Texas,75367,214-466-5256
282,Ferdinande,Server,6961 Stone Corner Plaza,Cleveland,US,Ohio,44191,216-830-5773
283,Moselle,Woodus,402 Hoffman Park,Wilmington,US,North Carolina,28410,910-298-1928
284,Sherie,Quare,2 Washington Drive,Duluth,US,Georgia,30096,770-875-7609
285,Kayle,Hayford,4 Northport Road,Brooksville,US,Florida,34605,352-568-6261
286,Michaelina,Motton,149 Union Trail,Fort Worth,US,Texas,76129,817-377-2158
287,Moe,McCaughan,17 Florence Parkway,Las Vegas,US,Nevada,89105,702-923-5476
288,Saxe,Losemann,30 Oak Terrace,Sacramento,US,California,94263,916-818-7688
289,Orelee,Churchley,46 Bartelt Terrace,Denver,US,Colorado,80243,303-784-3116
290,Dorri,Richings,6 Parkside Court,Hartford,US,Connecticut,06105,860-154-3969
291,Clayson,Backshall,32143 New Castle Way,Van Nuys,US,California,91406,805-813-6916
292,Rafaela,Heatlie,07917 Warbler Alley,Anchorage,US,Alaska,99522,907-288-6287
293,Aura,Sute,577 Jackson Place,Lynchburg,US,Virginia,24503,434-809-2298
294,Corrie,Mattschas,46003 Summit Place,Sacramento,US,California,94280,916-467-5685
295,Flem,Spicer,26403 Goodland Pass,Naples,US,Florida,33963,239-865-4541
296,Rustin,Badini,77761 Esch Crossing,Milwaukee,US,Wisconsin,53225,414-510-0156
297,Paolina,Izhaky,96223 Heffernan Court,Hampton,US,Virginia,23668,757-455-7168
298,Cullan,Rapper,34 American Ash Way,Las Vegas,US,Nevada,89150,702-463-5124
299,Walsh,Lipmann,1 Northfield Street,Duluth,US,Minnesota,55811,218-447-8979
300,Vicky,Dixie,6 Ramsey Pass,Garland,US,Texas,75049,214-831-3579
301,Marie,Fader,48179 Talmadge Hill,El Paso,US,Texas,88519,915-369-3126
302,Samantha,Yielding,928 Anniversary Pass,Simi Valley,US,California,93094,805-405-7638
303,Aube,enzley,27710 Haas Junction,Evansville,US,Indiana,47747,812-409-4236
304,Elenore,Pinnocke,51 Springview Lane,Orange,US,California,92668,858-613-3761
305,Ernestus,Bartolomucci,92162 Green Ridge Circle,Philadelphia,US,Pennsylvania,19125,215-147-9689
306,Maribelle,Mableson,9 Hoffman Center,Evanston,US,Illinois,60208,847-186-9613
307,Engracia,Cawsy,5 Northfield Way,San Jose,US,California,95173,408-821-9344
308,Courtenay,Mafham,400 Rigney Road,Orange,US,California,92668,760-411-0538
309,Matthias,Foggarty,72266 Sugar Hill,Wilmington,US,Delaware,19892,302-109-0561
310,Tricia,Hansod,5 Clove Place,New York City,US,New York,10060,646-986-5142
311,Waverly,Hymer,3181 Prentice Park,Honolulu,US,Hawaii,96850,808-446-1457
312,Maximilian,Farriar,38 Springs Avenue,Kansas City,US,Kansas,66105,913-491-1547
313,Hendrik,Righy,30 Valley Edge Circle,Bakersfield,US,California,93381,661-505-5851
314,Garrott,Cassel,8911 Straubel Plaza,Hampton,US,Virginia,23663,804-571-1466
315,Latashia,Crookshank,62 Straubel Point,Erie,US,Pennsylvania,16534,814-777-9865
316,Kordula,Fould,456 Michigan Circle,Durham,US,North Carolina,27717,919-538-2666
317,Cal,Ketch,7 Bultman Park,Rochester,US,New York,14604,585-258-3962
318,Rhys,Greguoli,0 Brickson Park Place,Memphis,US,Tennessee,38114,901-377-6698
319,Audrey,Dillintone,3348 Oneill Court,Saint Petersburg,US,Florida,33705,813-925-2164
320,Trescha,Jessopp,09 Old Shore Terrace,Stockton,US,California,95298,209-602-8883
321,Andreana,Girod,714 Lakeland Point,New Orleans,US,Louisiana,70116,504-453-2779
322,Brena,Forestall,8174 Pond Drive,Gainesville,US,Florida,32627,352-500-5858
323,Chilton,Suero,1 Milwaukee Plaza,Lincoln,US,Nebraska,68510,402-496-3240
324,Eduino,Harmant,4173 Parkside Place,Saint Paul,US,Minnesota,55115,651-466-9238
325,Killie,Perez,53 Crest Line Way,Arlington,US,Texas,76011,817-137-4677
326,Gage,Dutteridge,87688 Mendota Road,Portland,US,Oregon,97271,971-766-5503
327,Zara,Rubanenko,7 Tennyson Junction,Albany,US,New York,12242,518-395-2637
328,Cherish,Wild,239 Northwestern Drive,Biloxi,US,Mississippi,39534,228-422-3553
329,Harli,Mustard,7 Maple Wood Pass,Atlanta,US,Georgia,30311,404-877-4875
330,Alleyn,Bruhke,083 Fairfield Trail,Canton,US,Ohio,44760,234-307-3359
331,Gannie,Eckley,1 Darwin Road,Tampa,US,Florida,33633,813-715-9313
332,Elliot,Mathevon,75 Sunbrook Crossing,Cincinnati,US,Ohio,45249,513-552-3899
333,Giorgio,De Ferraris,1645 Melrose Parkway,Miami,US,Florida,33175,305-363-3326
334,Ara,Skyram,82674 8th Crossing,Palatine,US,Illinois,60078,847-131-2865
335,Scottie,Lux,0704 Cardinal Point,Houston,US,Texas,77212,713-697-7509
336,Tildi,Farndon,72306 Helena Way,Cincinnati,US,Ohio,45228,513-146-9561
337,Amberly,Cuer,8 Barnett Crossing,Fairbanks,US,Alaska,99790,907-394-9575
338,Kareem,Ellesworthe,370 Grim Way,Laredo,US,Texas,78044,956-665-5656
339,Meridith,Newton,1120 Muir Alley,Montgomery,US,Alabama,36119,334-231-5922
340,Thor,Withringten,01742 Alpine Hill,Cumming,US,Georgia,30130,706-656-4406
341,Farah,Trimme,943 Golf Pass,New Orleans,US,Louisiana,70183,504-136-4215
342,Mimi,Mirando,70162 Mayer Parkway,Boston,US,Massachusetts,02119,508-866-1869
343,Tawnya,Marin,6299 Becker Avenue,Philadelphia,US,Pennsylvania,19104,267-376-5012
344,Lauri,Ikins,7 Warner Drive,Naples,US,Florida,34108,941-879-3866
345,Austin,Bloxam,8077 Arrowood Point,Washington,US,District of Columbia,20029,202-850-4048
346,Gilburt,Pearde,848 Mayfield Street,Saint Paul,US,Minnesota,55188,651-918-5711
347,Gayla,Bruggeman,013 Sommers Place,Boise,US,Idaho,83727,208-159-4303
348,Giraud,Hinkley,2061 Schmedeman Crossing,Young America,US,Minnesota,55557,952-768-6514
349,Ashlan,Kleszinski,32 Rigney Drive,Louisville,US,Kentucky,40233,502-233-5228
350,Frederica,Baynes,107 Riverside Trail,Washington,US,District of Columbia,20540,202-147-7183
351,Theda,Bussens,9 Northridge Alley,Honolulu,US,Hawaii,96840,808-716-9904
352,Marguerite,Puddefoot,278 Montana Point,Austin,US,Texas,78703,512-918-8232
353,Debi,Conring,03413 Cody Crossing,Humble,US,Texas,77346,713-879-1768
354,Rosana,Clipston,54 Chive Parkway,Topeka,US,Kansas,66617,785-274-1925
355,Helene,Mafham,8646 Harper Street,Sioux Falls,US,South Dakota,57188,605-530-6141
356,Gladys,Ohanessian,7 International Crossing,Huntsville,US,Texas,77343,936-642-8109
357,Howie,Astles,089 Packers Point,Salem,US,Oregon,97306,503-633-0015
358,Timothy,Milnes,0155 Shopko Hill,West Palm Beach,US,Florida,33411,561-765-4311
359,Lenka,Cutmare,7 Parkside Terrace,Tacoma,US,Washington,98481,253-849-7756
360,Georgiana,Brasner,6 Nancy Trail,Newark,US,New Jersey,07188,862-303-3944
361,Gene,Mendez,6 Bunker Hill Lane,Escondido,US,California,92030,760-468-1525
362,Alys,Eckery,44044 Katie Place,Austin,US,Texas,78769,512-926-4404
363,Huberto,Shortcliffe,54 Anhalt Place,Portsmouth,US,New Hampshire,03804,603-838-9447
364,Rosemarie,Charnock,4530 Ilene Street,Tampa,US,Florida,33680,813-313-5743
365,Dukie,Osgarby,03987 Dixon Street,Jacksonville,US,Florida,32225,904-204-7907
366,Fairleigh,Hanwell,755 Basil Avenue,Dulles,US,Virginia,20189,571-411-5502
367,Kristofer,Birrel,8 East Place,San Antonio,US,Texas,78245,830-199-7294
368,Fraze,Baylis,562 Cardinal Pass,Richmond,US,Virginia,23285,804-935-0259
369,Dorotea,Gooderick,5108 Anhalt Way,San Diego,US,California,92137,619-934-0348
370,Herman,Casillas,292 Westend Point,Las Vegas,US,Nevada,89125,702-475-2546
371,Tobie,Stachini,733 Farragut Junction,San Jose,US,California,95128,714-103-2491
372,Harriett,Beaten,2 Dwight Court,Tuscaloosa,US,Alabama,35405,205-757-7061
373,Lurlene,Bichard,26580 Hoepker Parkway,Lynn,US,Massachusetts,01905,339-820-4983
374,Terri,Sulley,18 Northview Plaza,Washington,US,District of Columbia,20566,202-693-2047
375,Griz,McNiven,8 Montana Parkway,Lake Worth,US,Florida,33467,561-464-5937
376,Kyle,McGarvey,822 Lyons Avenue,Hialeah,US,Florida,33013,786-740-3108
377,Goddard,Cavie,8224 Buhler Avenue,Wilmington,US,Delaware,19892,302-332-5595
378,Khalil,Donaghy,06 Susan Circle,Fresno,US,California,93786,559-543-6489
379,Barnaby,Jentgens,8 Southridge Terrace,Indianapolis,US,Indiana,46221,317-317-8532
380,Waldemar,Guyot,6 Jay Way,Columbus,US,Georgia,31904,706-964-9821
381,Abra,Boyack,13 Memorial Avenue,Greensboro,US,North Carolina,27404,336-897-2916
382,Bertha,Hadkins,9 Arrowood Crossing,Beaumont,US,Texas,77705,409-100-1821
383,Briana,Prati,88777 Kennedy Park,Louisville,US,Kentucky,40205,502-601-6548
384,Ronny,Schuricht,30 Southridge Pass,Columbia,US,South Carolina,29203,803-809-9907
385,Galen,Bonnesen,06 Menomonie Lane,Washington,US,District of Columbia,56944,202-210-6651
386,Sacha,Kirkland,485 Victoria Trail,Saint Louis,US,Missouri,63143,314-930-5116
387,Kayle,Pardal,6260 Grim Point,Columbus,US,Georgia,31904,706-916-2856
388,Kial,Radwell,53679 Little Fleur Park,El Paso,US,Texas,79911,915-447-7265
389,Mabelle,Harefoot,3 Mcguire Junction,New York City,US,New York,10160,212-926-1357
390,Sig,Gillio,707 Graceland Trail,Toledo,US,Ohio,43610,419-279-6761
391,Cris,Mongain,83 Oxford Place,San Antonio,US,Texas,78230,210-959-1412
392,Luciana,Hugill,00049 Everett Junction,Minneapolis,US,Minnesota,55480,612-191-7363
393,Sherwood,Arnaudon,78 Farragut Avenue,San Rafael,US,California,94913,415-786-3005
394,Ludwig,Licas,33045 Havey Way,Los Angeles,US,California,90055,213-329-6902
395,Gabey,Rany,368 Vahlen Terrace,New York City,US,New York,10131,212-779-2489
396,Padraic,Sickamore,359 Charing Cross Place,Jacksonville,US,Florida,32255,904-212-8613
397,Keelby,Straffon,48852 Continental Street,Shawnee Mission,US,Kansas,66276,913-940-4456
398,Eileen,Rastrick,110 Dottie Junction,Boca Raton,US,Florida,33432,561-276-3525
399,Emery,Filmer,996 Bonner Alley,Scottsdale,US,Arizona,85260,480-452-7967
400,Margit,Roggeman,979 Sullivan Street,Miami,US,Florida,33134,786-809-2088
401,Baudoin,Tippell,66064 Ramsey Circle,Denver,US,Colorado,80209,720-678-5852
402,Rory,Sturrock,8 Meadow Valley Park,Richmond,US,Virginia,23289,804-623-0674
403,Cherye,McKillop,44 Manufacturers Court,Greensboro,US,North Carolina,27425,336-989-9047
404,Saul,Binyon,05088 Lakewood Gardens Avenue,Des Moines,US,Iowa,50362,515-481-7322
405,Torey,Giacomoni,320 Northridge Park,Cincinnati,US,Ohio,45223,513-193-8305
406,Gaspard,Giottoi,29550 Oxford Circle,New York City,US,New York,10125,212-564-4112
407,Celene,Coulthard,02 Weeping Birch Avenue,New York City,US,New York,10184,212-628-9186
408,Troy,Glasper,9 Hazelcrest Parkway,Myrtle Beach,US,South Carolina,29579,843-159-6217
409,Dirk,McIlenna,7347 Judy Drive,Baltimore,US,Maryland,21203,443-871-3583
410,Goldarina,Thorneywork,44815 Declaration Center,Corona,US,California,92878,951-215-8221
411,Modesty,Retallick,60 Derek Crossing,San Francisco,US,California,94147,415-909-6636
412,Shawnee,Geffinger,60 Colorado Court,Detroit,US,Michigan,48232,313-735-6935
413,Pet,Hackworthy,43365 Maple Terrace,Flint,US,Michigan,48505,810-556-4196
414,Allegra,Headley,62276 David Circle,Hialeah,US,Florida,33013,786-722-8457
415,Adria,McHale,399 Oxford Plaza,Toledo,US,Ohio,43610,419-144-6297
416,Vera,Jarrel,51 Pankratz Avenue,Albuquerque,US,New Mexico,87190,505-426-6592
417,Danita,Pester,588 Rigney Hill,Wilmington,US,North Carolina,28405,910-937-3694
418,Indira,Quiddington,437 Bunting Court,Lakewood,US,Washington,98498,253-666-5683
419,Sheilakathryn,Dennant,46 Marcy Drive,Sioux Falls,US,South Dakota,57193,605-635-3194
420,Kristine,Zorzutti,6823 Farragut Plaza,Washington,US,District of Columbia,20022,202-457-7722
421,Pasquale,Farren,58042 Towne Parkway,Columbia,US,Missouri,65211,573-832-1007
422,Gerri,Juliano,4534 Elka Junction,Paterson,US,New Jersey,07505,862-464-7661
423,Sanders,Bosquet,0 Kim Drive,Phoenix,US,Arizona,85099,602-460-5248
424,Levi,Fedoronko,958 Northridge Place,New Orleans,US,Louisiana,70165,504-395-6092
425,Tripp,Gelardi,6 Jenifer Circle,New York City,US,New York,10260,212-814-7430
426,Margo,Karpol,90 New Castle Drive,White Plains,US,New York,10606,845-242-4524
427,Sallyann,Pray,4176 Kings Drive,Clearwater,US,Florida,33763,727-343-9112
428,Amata,Cowmeadow,7234 Lakewood Gardens Lane,Lake Charles,US,Louisiana,70616,337-625-1390
429,Mel,Moreside,59 Burning Wood Parkway,Rochester,US,New York,14604,585-964-3124
430,Ibby,MacAne,125 Park Meadow Way,Chattanooga,US,Tennessee,37410,423-804-5144
431,Randa,Haken,406 Twin Pines Pass,Flushing,US,New York,11388,347-912-5626
432,Allard,Catling,57101 Sachtjen Center,Indianapolis,US,Indiana,46202,765-478-3735
433,Lynnette,Fortman,983 Bashford Drive,El Paso,US,Texas,88525,915-208-2346
434,Shantee,Litzmann,14 Wayridge Parkway,Greensboro,US,North Carolina,27415,336-562-3287
435,Boonie,Munslow,507 Fairview Point,Pittsburgh,US,Pennsylvania,15225,412-949-0334
436,Robb,Adamowitz,233 Morrow Park,Bridgeport,US,Connecticut,06673,203-501-2091
437,Collette,Bleue,3846 Springs Way,Oakland,US,California,94616,510-284-9497
438,Sisely,Danelut,2741 Manley Park,Sacramento,US,California,95813,916-471-0247
439,Maddie,Malia,9983 Ridgeview Place,Greensboro,US,North Carolina,27409,336-125-9859
440,Abigael,Ambrogiotti,907 Leroy Terrace,Las Vegas,US,Nevada,89193,702-432-8804
441,Wallie,Iorillo,26 Macpherson Hill,Colorado Springs,US,Colorado,80905,719-653-4940
442,Daphne,Dixon,694 Sage Road,Raleigh,US,North Carolina,27658,919-114-9897
443,Meade,Faier,86 Carioca Park,Wichita,US,Kansas,67230,316-898-2739
444,Egan,Seccombe,295 Upham Avenue,Springfield,US,Illinois,62705,217-685-9650
445,Liliane,Hurren,3207 Petterle Crossing,San Francisco,US,California,94177,415-231-8597
446,Rosita,Nizet,69878 Spaight Street,El Paso,US,Texas,79999,915-952-3280
447,Minetta,Beauly,90 Melody Crossing,San Francisco,US,California,94110,415-500-6587
448,Alyssa,Valintine,11221 Paget Junction,Minneapolis,US,Minnesota,55480,612-638-5221
449,Padget,Lyttle,6240 Arapahoe Crossing,Springfield,US,Massachusetts,01129,413-668-9157
450,Ann,Greathead,8 Sycamore Parkway,San Jose,US,California,95155,408-281-2946
451,Yankee,O'Looney,7112 Monica Street,Knoxville,US,Tennessee,37914,865-779-3704
452,Lissy,Benko,1 Melrose Center,Omaha,US,Nebraska,68110,402-970-8093
453,Janetta,Gulliver,6 Vidon Junction,El Paso,US,Texas,88579,915-107-9167
454,Lorene,Antoszczyk,3 Everett Place,Ocala,US,Florida,34479,352-324-3944
455,Filippa,Lovelock,78 Golf Course Avenue,Clearwater,US,Florida,33763,727-659-4751
456,Imogene,Pratley,91636 Porter Circle,Des Moines,US,Iowa,50347,515-853-2265
457,Goddart,Grenter,84030 Packers Place,Baton Rouge,US,Louisiana,70826,225-520-3225
458,Kandy,Robilliard,9393 Saint Paul Park,Waco,US,Texas,76711,254-111-2483
459,Tracy,Cogdon,559 Dottie Terrace,Sacramento,US,California,94263,916-705-3006
460,Gwenore,Aynold,0335 Gulseth Circle,Pensacola,US,Florida,32575,850-612-9324
461,Charlene,Kerrane,656 Clemons Court,Memphis,US,Tennessee,38150,901-278-7106
462,Blancha,Carbry,7 Artisan Avenue,San Diego,US,California,92121,619-963-1318
463,Holly-anne,Beefon,5 Schiller Plaza,Lake Worth,US,Florida,33462,561-784-4913
464,Welby,Clemits,864 Rockefeller Point,Milwaukee,US,Wisconsin,53210,414-666-4607
465,Colet,Dupree,49772 Vernon Avenue,Phoenix,US,Arizona,85067,602-929-4061
466,Gabie,Sanja,2452 Emmet Center,Newton,US,Massachusetts,02458,617-980-7983
467,Isador,Kirtland,45486 Talisman Court,Indianapolis,US,Indiana,46254,317-299-0620
468,Kanya,Hedgeley,15 Continental Trail,Salt Lake City,US,Utah,84120,801-562-8578
469,Dalenna,Aimable,8731 Heath Court,Asheville,US,North Carolina,28805,828-404-9381
470,Daryn,Gutridge,643 Karstens Junction,Charleston,US,South Carolina,29411,843-424-0488
471,Halette,Beaglehole,740 Fair Oaks Center,Cincinnati,US,Ohio,45228,513-287-8226
472,Tommie,Bolf,2027 Hoepker Terrace,Wilkes Barre,US,Pennsylvania,18763,570-974-7459
473,Charlene,Ingrey,65477 Colorado Lane,Springfield,US,Massachusetts,01114,413-958-7915
474,York,Cran,07 Acker Way,Henderson,US,Nevada,89074,702-694-7116
475,Helaine,Padden,66 Riverside Pass,Atlanta,US,Georgia,30316,404-636-1983
476,Emile,Bliss,3157 Vidon Trail,Lansing,US,Michigan,48919,517-156-3437
477,Mallory,Ayshford,1467 Nobel Way,Nashville,US,Tennessee,37215,615-129-5865
478,Teodoro,Stanfield,76 Porter Place,Milwaukee,US,Wisconsin,53285,414-413-3978
479,Wilhelmina,Brundale,07157 Calypso Point,Sacramento,US,California,95813,916-711-8197
480,Melony,Jessett,534 Declaration Park,Peoria,US,Illinois,61656,309-716-3780
481,Kiley,Boich,88 Eastwood Place,Houston,US,Texas,77045,713-600-9851
482,Lawrence,Geill,5031 Eastlawn Point,Fresno,US,California,93740,559-747-1044
483,Dian,Emmett,240 Melby Road,Miami,US,Florida,33147,305-622-5785
484,Cahra,Jakobsson,7 Corscot Pass,Washington,US,District of Columbia,20520,202-554-8786
485,Kirby,Chick,5 Waywood Way,Corona,US,California,92883,626-418-4698
486,Tomasine,Klagge,7483 Maple Junction,Norwalk,US,Connecticut,06854,203-306-4501
487,Brandice,Halt,478 Bunting Place,Chicago,US,Illinois,60652,312-584-0000
488,Viole,Anear,0411 Division Way,El Paso,US,Texas,88574,915-444-1868
489,Cathlene,Gibbetts,7358 Service Way,Las Vegas,US,Nevada,89105,702-885-1584
490,Kalila,Kisbey,93 Springview Terrace,Albuquerque,US,New Mexico,87190,505-357-0784
491,Ferguson,Danilenko,54 Eliot Terrace,Dallas,US,Texas,75265,214-660-5597
492,Guillema,McClymond,68 Lakeland Hill,Jacksonville,US,Florida,32259,904-435-6571
493,Ashia,Edger,8329 Sheridan Crossing,Boise,US,Idaho,83705,208-643-1522
494,Shari,Pearse,15 American Ash Junction,Inglewood,US,California,90398,310-492-2162
495,Maurise,Anelay,78 Pleasure Lane,Charleston,US,West Virginia,25336,304-371-5396
496,Lannie,Senner,3 Esker Drive,Helena,US,Montana,59623,406-556-6709
497,Brigg,Oliveira,2 Sherman Alley,Savannah,US,Georgia,31405,912-531-2330
498,Pauletta,Karpinski,850 Stang Hill,Albany,US,New York,12247,518-162-0287
499,Federico,Baterip,44619 1st Pass,Troy,US,Michigan,48098,248-651-9034
500,Whitney,Koppe,661 Tomscot Hill,Sacramento,US,California,94273,916-188-8724
501,Russell,Denekamp,6534 Sachtjen Avenue,New York City,US,New York,10014,917-217-1337
502,Esdras,Lindeman,58377 Summerview Hill,Birmingham,US,Alabama,35254,205-492-7710
503,Beulah,Boissier,712 Red Cloud Circle,Richmond,US,Virginia,23225,804-208-2855
504,Jaclin,Ivshin,09 Northwestern Center,Amarillo,US,Texas,79176,806-389-9201
505,Rosemary,Mulvagh,753 Oxford Court,Beaumont,US,Texas,77713,936-175-4750
506,Dorelia,Carncross,05 Dixon Alley,El Paso,US,Texas,79945,915-607-3170
507,Dre,Brookes,0 Acker Place,Washington,US,District of Columbia,20503,202-590-8496
508,Cortie,Robinette,99827 Sunfield Circle,Hartford,US,Connecticut,06160,860-728-8029
509,Alvina,Sigward,074 Aberg Trail,North Hollywood,US,California,91616,213-891-5435
510,Cynthy,Insko,0 Debs Drive,Orlando,US,Florida,32830,407-997-7253
511,Biddie,Largen,2 Kim Street,Tacoma,US,Washington,98447,253-275-4231
512,Vittorio,Zamudio,709 Schlimgen Place,New York City,US,New York,10170,212-798-6982
513,Laureen,Carr,0470 Moland Pass,Des Moines,US,Iowa,50981,515-695-1885
514,Freddi,Mattea,85 Meadow Ridge Avenue,Grand Rapids,US,Michigan,49505,616-533-9475
515,Crichton,Brian,28764 Schlimgen Street,Iowa City,US,Iowa,52245,319-420-7992
516,Betsy,Frankes,2 Oak Way,El Paso,US,Texas,88584,915-222-1433
517,Gaelan,Copper,09 Gateway Plaza,Chicago,US,Illinois,60630,312-785-3764
518,Tomkin,Brussels,20 Coolidge Parkway,Washington,US,District of Columbia,20029,202-135-1363
519,Fair,Quinsee,01455 Bay Place,Seattle,US,Washington,98133,206-534-3295
520,Priscilla,Striker,91 International Terrace,Baton Rouge,US,Louisiana,70810,225-694-5092
521,Corny,Sleeford,09614 Hermina Junction,Savannah,US,Georgia,31416,912-532-1522
522,Bobbie,O'Neary,54 Cherokee Avenue,Fort Worth,US,Texas,76198,682-505-0303
523,Milzie,Corps,73 Maple Terrace,New York City,US,New York,10270,646-151-4421
524,Cristi,Molder,53 Schurz Pass,West Palm Beach,US,Florida,33405,772-492-4649
525,Devin,Corrigan,21 5th Avenue,Chicago,US,Illinois,60604,312-440-7552
526,Ange,Lehr,3 Raven Place,Flint,US,Michigan,48555,810-534-5568
527,Luce,Rigardeau,272 Katie Lane,Tulsa,US,Oklahoma,74116,918-320-2466
528,Danell,Curnick,413 Spohn Junction,Miami,US,Florida,33111,786-971-4948
529,Frannie,Spadaro,8003 Portage Place,Los Angeles,US,California,90040,760-304-3219
530,Verena,Colam,9 Almo Circle,Bridgeport,US,Connecticut,06606,203-332-2396
531,Ode,Hosburn,20 East Lane,Kansas City,US,Missouri,64179,816-744-6413
532,Cinderella,Jansie,2798 Butternut Drive,San Antonio,US,Texas,78250,210-169-9522
533,Doralia,Colbertson,960 Nevada Drive,Tampa,US,Florida,33661,813-220-9191
534,Thibaud,Maynell,1 Swallow Park,Carson City,US,Nevada,89714,775-828-7852
535,Angus,Hinckesman,15818 Marcy Junction,Milwaukee,US,Wisconsin,53220,414-163-2570
536,Joy,Layhe,27 Messerschmidt Park,Pittsburgh,US,Pennsylvania,15261,412-145-2958
537,Erin,Shakespeare,62046 Stephen Circle,San Francisco,US,California,94110,415-904-5667
538,Winifred,Conant,79824 Scofield Drive,New York City,US,New York,10045,646-382-7746
539,Rachel,Pieper,4 Clarendon Court,Chicago,US,Illinois,60669,312-877-1099
540,Zia,Playfair,0879 Kipling Pass,Birmingham,US,Alabama,35254,205-253-9482
541,Phylys,Mc Mechan,263 Northport Street,Honolulu,US,Hawaii,96815,808-891-7013
542,Javier,Huntley,30522 Elmside Way,Atlanta,US,Georgia,30351,404-818-3649
543,Glynda,Cheng,884 Lyons Way,Fort Wayne,US,Indiana,46896,260-224-7968
544,Cointon,Fullom,4697 Moland Avenue,Corona,US,California,92883,626-635-5663
545,Anabella,Hellyar,5 Stone Corner Lane,El Paso,US,Texas,79928,915-732-2211
546,Linoel,Chainey,510 Jenifer Court,Houston,US,Texas,77080,713-562-9933
547,Lisa,Boick,6 Cascade Circle,Springfield,US,Illinois,62756,217-363-5720
548,Lesya,Methingam,833 North Park,Atlanta,US,Georgia,31106,404-910-6901
549,Rosemonde,Filppetti,15878 Union Crossing,Denver,US,Colorado,80255,303-515-1690
550,Maegan,Fealy,052 Vidon Plaza,Davenport,US,Iowa,52804,563-176-2008
551,Matelda,Daltry,976 Springview Crossing,Monroe,US,Louisiana,71208,318-330-7616
552,Cissy,Schimmang,338 Fieldstone Road,Charleston,US,West Virginia,25356,304-465-3920
553,Dorella,Gabby,19 Knutson Parkway,Richmond,US,Virginia,23228,804-605-3070
554,Zebulen,Poulett,9295 Arkansas Street,Knoxville,US,Tennessee,37995,865-925-9577
555,Ozzie,Le feuvre,592 Twin Pines Park,Fresno,US,California,93778,559-440-9904
556,Nolan,McDuff,8 Ronald Regan Park,Tallahassee,US,Florida,32314,850-397-3816
557,Frank,Maccrea,32752 Parkside Circle,Fort Smith,US,Arkansas,72916,479-873-4171
558,Natassia,Brooksbank,30 Debs Terrace,Jamaica,US,New York,11499,212-961-7375
559,Georg,Willoughley,2 Green Street,Stamford,US,Connecticut,06912,203-183-3014
560,Allene,Huxham,96708 Lake View Terrace,Greenville,US,South Carolina,29605,864-316-4149
561,Rubi,Danelut,199 Rutledge Terrace,New York City,US,New York,10079,212-844-8327
562,Shoshana,Aitcheson,1 Kinsman Drive,Phoenix,US,Arizona,85083,602-308-0791
563,Avram,McJerrow,07142 Brickson Park Park,Clearwater,US,Florida,34629,727-562-2930
564,Barbra,Humber,110 Namekagon Junction,Orlando,US,Florida,32859,407-123-1818
565,Richart,Kelk,5158 Sauthoff Point,Bakersfield,US,California,93305,805-820-3956
566,Cristen,Denerley,395 Arrowood Court,Pompano Beach,US,Florida,33069,754-447-1871
567,Sarette,Domenichini,52591 Morningstar Street,Fresno,US,California,93709,559-867-2497
568,Abe,Oldacres,5466 Mendota Terrace,Shawnee Mission,US,Kansas,66225,913-193-1533
569,Luis,Prester,64 Messerschmidt Junction,Flushing,US,New York,11388,718-476-6314
570,Gladi,Bullivant,1 Arrowood Parkway,North Hollywood,US,California,91606,818-814-5781
571,Fredra,Joffe,98414 Elgar Trail,Los Angeles,US,California,90076,323-884-8201
572,Cybill,O'Hagerty,97831 Bellgrove Pass,Rochester,US,New York,14646,585-673-3572
573,Valli,Kohrt,966 Clemons Park,Spartanburg,US,South Carolina,29319,864-370-7100
574,Alphonso,Risbrough,546 Schlimgen Place,Davenport,US,Iowa,52809,563-287-9807
575,Amory,Andriveau,4550 Eagle Crest Circle,Scottsdale,US,Arizona,85260,602-927-4071
576,Clara,Spencook,80 Sherman Trail,Minneapolis,US,Minnesota,55428,763-347-0916
577,Darci,Parlor,80 Heffernan Place,Dallas,US,Texas,75251,214-265-4470
578,Auberon,Stokes,8532 Alpine Pass,Chattanooga,US,Tennessee,37410,423-423-8047
579,Evelyn,Grishkov,12 Pond Avenue,New York City,US,New York,10260,212-481-5418
580,Town,Eakley,69436 Lillian Junction,Philadelphia,US,Pennsylvania,19093,215-205-0688
581,Price,Stairmand,9913 New Castle Street,Greensboro,US,North Carolina,27404,336-535-0162
582,Barbe,Mapham,93264 Jenna Parkway,Saint Louis,US,Missouri,63150,314-270-5133
583,Matias,Oke,2274 Crownhardt Pass,Atlanta,US,Georgia,30311,404-327-6476
584,Palmer,MacAndie,23 Dottie Junction,New York City,US,New York,10029,917-680-2531
585,Simonne,Strowther,1250 Almo Circle,Saint Augustine,US,Florida,32092,904-864-8180
586,Booth,Marquess,9 Lindbergh Circle,Carlsbad,US,California,92013,760-149-6944
587,Thomas,Habershaw,04458 Blaine Crossing,Oklahoma City,US,Oklahoma,73152,405-441-6599
588,Odilia,Browne,7468 Iowa Junction,Colorado Springs,US,Colorado,80910,719-208-9904
589,Franny,Trask,08715 Valley Edge Alley,Aurora,US,Colorado,80045,303-236-8529
590,Ulrika,Brason,52 John Wall Avenue,Sacramento,US,California,95828,916-291-9539
591,Fianna,Canavan,51 Fairview Trail,Panama City,US,Florida,32405,850-735-6424
592,Prescott,Yegorkov,6 Namekagon Plaza,Monroe,US,Louisiana,71208,318-594-2282
593,Ashley,Mogford,9 Morningstar Lane,Dallas,US,Texas,75392,214-901-7945
594,Ben,Beatson,06 Meadow Ridge Avenue,El Paso,US,Texas,88569,915-513-4161
595,Herbie,Rosson,0846 Buell Avenue,Washington,US,District of Columbia,20067,202-218-3639
596,Clayborne,Windus,97 Merry Plaza,Portland,US,Oregon,97216,503-605-0421
597,Odey,Hudspith,038 Springs Pass,Springfield,US,Illinois,62723,217-445-7658
598,Otis,Poznan,342 Bowman Alley,Hot Springs National Park,US,Arkansas,71914,501-885-3929
599,Leontine,Batch,899 Grasskamp Park,Fairbanks,US,Alaska,99709,907-209-6499
600,Augie,Ducarel,5 Messerschmidt Trail,Akron,US,Ohio,44321,330-634-6730
601,Kirbie,List,3 Fairview Place,Sioux Falls,US,South Dakota,57198,605-823-2865
602,Jacqueline,Heaphy,9 Erie Pass,San Bernardino,US,California,92410,909-787-9127
603,Amity,Doret,919 Meadow Vale Alley,Peoria,US,Illinois,61635,309-412-6187
604,Alaric,Rosenhaupt,40844 Surrey Lane,Raleigh,US,North Carolina,27610,919-946-3728
605,Mignonne,Goulthorp,8 Crescent Oaks Pass,Naples,US,Florida,34108,239-151-2042
606,Melisse,Kelmere,87302 Eastlawn Center,Evansville,US,Indiana,47712,812-318-2410
607,Rafael,Escoffrey,303 North Place,Cleveland,US,Ohio,44105,216-308-3296
608,Marcelia,Mynett,53 Manitowish Avenue,Richmond,US,Virginia,23203,804-904-9763
609,Artie,Hubbis,945 Portage Junction,Manassas,US,Virginia,22111,434-804-1447
610,Vic,Younghusband,68923 Magdeline Point,Denver,US,Colorado,80243,303-850-6691
611,Tan,Belfelt,0677 Almo Trail,Fort Worth,US,Texas,76115,682-308-7723
612,Margaux,Withnall,576 Oakridge Road,San Diego,US,California,92153,619-401-0804
613,Elwyn,Cochran,64726 Pennsylvania Alley,Grand Forks,US,North Dakota,58207,701-925-4156
614,Ally,Huffey,6 Loftsgordon Drive,Miami,US,Florida,33261,305-494-4938
615,Una,Burnsall,13346 Waubesa Circle,Petaluma,US,California,94975,707-413-7107
616,Jammie,Batrip,78 Warbler Court,Honolulu,US,Hawaii,96840,808-800-9481
617,Hilda,Colgrave,7 Eastlawn Junction,Washington,US,District of Columbia,20046,202-950-6411
618,Imelda,Philpot,53 Briar Crest Terrace,Charlotte,US,North Carolina,28242,704-421-2330
619,Maybelle,Geely,11 Cottonwood Court,Tulsa,US,Oklahoma,74141,918-957-5444
620,Nanice,Waterworth,75 Hagan Lane,Tampa,US,Florida,33605,813-656-7047
621,Lyndell,Tolchar,57 Novick Hill,Houston,US,Texas,77085,281-137-8247
622,Jen,Caldero,0790 Nobel Terrace,Tampa,US,Florida,33625,727-336-7132
623,Jasmine,Bane,5 Upham Street,Anaheim,US,California,92825,714-998-2511
624,Bengt,Anthes,82809 Garrison Circle,Danbury,US,Connecticut,06816,203-893-9009
625,Dwight,Whatling,62752 Eagle Crest Pass,Atlanta,US,Georgia,30336,404-411-7096
626,Foster,Duffet,1 Westend Plaza,Tucson,US,Arizona,85710,520-504-8896
627,Noreen,Linfoot,313 Victoria Park,Phoenix,US,Arizona,85015,602-754-2066
628,Cassie,Garvey,33464 Mandrake Lane,Miami,US,Florida,33261,305-663-6848
629,Benedikta,Tynemouth,7 Oriole Place,Los Angeles,US,California,90005,323-313-7934
630,Dolorita,Merner,0675 Rusk Drive,Fort Smith,US,Arkansas,72905,479-150-6436
631,Luke,Crittal,501 Bluestem Crossing,Modesto,US,California,95354,559-542-0722
632,Marsiella,Iddenden,896 Manufacturers Parkway,San Jose,US,California,95133,408-653-6589
633,Juan,McNutt,05055 Chinook Court,Houston,US,Texas,77010,832-101-4432
634,Zorine,Magister,78599 Hovde Point,Phoenix,US,Arizona,85083,602-416-2450
635,Jarrad,Celier,58489 Knutson Circle,Dayton,US,Ohio,45432,937-293-8636
636,Dannie,Leuchars,83 Dryden Park,Tulsa,US,Oklahoma,74193,918-918-2977
637,Rosamund,Dotson,792 Mayfield Place,Erie,US,Pennsylvania,16565,814-621-5351
638,Rita,Hebner,018 Farmco Road,Maple Plain,US,Minnesota,55572,763-389-7658
639,Burg,Hengoed,8 Annamark Road,Montgomery,US,Alabama,36114,334-107-8634
640,Nelson,Guthrum,74 Heath Street,Houston,US,Texas,77025,713-173-7881
641,Fin,Withams,1 Eggendart Park,Anniston,US,Alabama,36205,256-714-4742
642,Almire,Knyvett,3 Muir Terrace,Peoria,US,Arizona,85383,623-506-6066
643,Filip,Yurocjkin,114 Lotheville Center,Louisville,US,Kentucky,40298,502-461-8203
644,Albert,Haggleton,23 Talisman Trail,San Jose,US,California,95150,408-113-5231
645,Erhard,Neligan,6266 Caliangt Way,Lexington,US,Kentucky,40591,859-196-3050
646,Winna,Antonsen,335 Farmco Pass,Savannah,US,Georgia,31422,912-142-5503
647,Randi,Krout,4 Bultman Plaza,Rochester,US,New York,14683,585-938-5998
648,Cece,Keam,6 Rockefeller Circle,Huntington,US,West Virginia,25711,304-411-4552
649,Pauly,Lockie,2111 Sachtjen Terrace,Huntsville,US,Alabama,35805,256-266-3824
650,Nolly,Gillio,77612 Mcguire Point,Providence,US,Rhode Island,02905,401-169-2438
651,Foster,Roskell,599 Alpine Road,Shawnee Mission,US,Kansas,66286,913-985-5109
652,Lucine,Parkman,6300 Emmet Avenue,Madison,US,Wisconsin,53779,608-773-4788
653,Tressa,Branni,9 Eastwood Pass,Dallas,US,Texas,75287,214-256-1745
654,Ellene,Liepins,9 Kennedy Trail,Seattle,US,Washington,98148,206-469-2846
655,Vaughn,Mauvin,0 Quincy Drive,Fresno,US,California,93786,559-584-2732
656,Berti,Hollyer,29 Lien Place,Dallas,US,Texas,75310,214-822-2456
657,Greta,Davidsson,8467 Anthes Court,New York City,US,New York,10280,212-362-8952
658,Abraham,Laidel,0256 2nd Parkway,York,US,Pennsylvania,17405,717-275-5694
659,Brandie,Huleatt,069 Park Meadow Point,Charlotte,US,North Carolina,28263,704-684-2223
660,Sara-ann,Capaldi,3 Sundown Place,Athens,US,Georgia,30605,706-297-6229
661,Hercule,Diggens,111 Lawn Crossing,Warren,US,Ohio,44485,330-326-3841
662,Renado,Dytham,38 Old Shore Trail,Seattle,US,Washington,98140,206-185-1699
663,Adah,Screase,26689 Lake View Avenue,New York City,US,New York,10150,212-583-3717
664,Bondy,Twinberrow,0 Farmco Plaza,Los Angeles,US,California,90101,213-541-5300
665,Alyson,Cofax,000 Eagan Alley,Rockford,US,Illinois,61110,815-448-1100
666,Tricia,Mc Queen,42904 Anthes Center,Anaheim,US,California,92812,714-582-7365
667,Ira,Mozzetti,448 Columbus Junction,Honolulu,US,Hawaii,96820,808-498-5386
668,Katharine,Josefsohn,995 Loomis Pass,Detroit,US,Michigan,48224,313-343-2111
669,Patric,Eton,7 Blackbird Pass,Warren,US,Michigan,48092,810-694-9311
670,Jerrie,Colcutt,2 Marquette Court,Saint Cloud,US,Minnesota,56372,320-419-3333
671,Roxana,Symmers,46811 Thackeray Park,Glendale,US,California,91210,818-106-4208
672,Tanhya,Pead,05 Orin Alley,Dulles,US,Virginia,20189,571-186-9243
673,Dewitt,Vasyutin,97381 Clove Crossing,Honolulu,US,Hawaii,96805,808-152-0495
674,Robbie,Dows,71 Service Point,Minneapolis,US,Minnesota,55402,612-751-8635
675,Brodie,Crowcroft,232 Sundown Avenue,Canton,US,Ohio,44720,330-754-3806
676,Halsy,Borrow,4739 Browning Parkway,Corona,US,California,92878,951-881-1477
677,Charity,Iacobo,1 Farwell Way,Modesto,US,California,95397,209-287-5134
678,Lila,Capner,1515 Stang Circle,Erie,US,Pennsylvania,16550,814-165-4438
679,Sal,Pennycock,6846 Derek Avenue,Houston,US,Texas,77288,713-876-3285
680,Rhianna,Goard,474 Bellgrove Place,Trenton,US,New Jersey,08619,609-266-1225
681,Ysabel,Gibbon,15222 Continental Terrace,San Francisco,US,California,94147,415-624-4963
682,Tan,Jirusek,39 Warrior Plaza,Charlotte,US,North Carolina,28247,704-287-4070
683,Kiley,Ogbourne,203 Upham Road,Syracuse,US,New York,13217,315-450-1624
684,Candis,Willishire,92992 Surrey Avenue,New York City,US,New York,10060,646-814-4291
685,Kittie,Drummer,5726 Algoma Junction,San Bernardino,US,California,92415,760-425-8060
686,Jack,Fylan,7 Chinook Junction,Syracuse,US,New York,13210,315-476-1967
687,Jeannie,Wickie,176 Starling Road,San Antonio,US,Texas,78235,210-563-5386
688,Heinrick,Blaza,3926 Artisan Point,Warren,US,Ohio,44485,330-440-5095
689,Allina,Signorelli,29161 Hollow Ridge Hill,Little Rock,US,Arkansas,72215,501-613-2011
690,Ann,Bromage,001 Northwestern Crossing,San Francisco,US,California,94147,415-524-5806
691,Sunny,Twycross,48 Meadow Vale Drive,Evansville,US,Indiana,47737,812-551-4846
692,Brooks,Ranklin,0048 Homewood Pass,Colorado Springs,US,Colorado,80920,719-560-5224
693,Malvina,Stairmand,211 Esker Pass,Roanoke,US,Virginia,24024,540-231-6463
694,Rachael,Wale,05799 Katie Road,Arlington,US,Virginia,22205,571-804-9476
695,Deny,Pavlovsky,9 Bunting Trail,Charleston,US,South Carolina,29403,843-464-5866
696,Ranice,Danielsky,5 Petterle Parkway,Fresno,US,California,93709,559-798-3066
697,Marcela,Dimond,53966 Kim Center,Sacramento,US,California,95833,916-464-9852
698,Krystalle,O'Fallowne,9148 Maple Wood Hill,Milwaukee,US,Wisconsin,53220,414-600-7922
699,Darb,Lope,9 Merry Pass,Athens,US,Georgia,30610,706-344-8892
700,Darb,Armsden,65733 Manley Pass,Young America,US,Minnesota,55573,952-742-3143
701,Philis,Leggitt,30580 Atwood Circle,Humble,US,Texas,77346,713-507-9382
702,Jayme,Skillington,85776 Lerdahl Center,Washington,US,District of Columbia,20062,202-435-7040
703,Reinald,Bray,89 Marquette Junction,Peoria,US,Illinois,61614,309-481-6551
704,Colas,Cashley,5212 Continental Pass,New York City,US,New York,10115,212-779-9120
705,Saundra,Magne,1 Dayton Road,Denton,US,Texas,76210,817-310-2116
706,Dehlia,Ledster,48681 Eagle Crest Pass,Kansas City,US,Missouri,64193,816-168-3354
707,Marti,Ickowicz,79098 West Center,Rochester,US,New York,14619,585-502-0854
708,Gwynne,Extal,8 Sullivan Road,Bethesda,US,Maryland,20816,240-866-0527
709,Burch,Hovell,70900 Monterey Hill,Peoria,US,Illinois,61656,309-609-5374
710,Sharla,Castanone,9 Boyd Lane,Richmond,US,Virginia,23208,804-730-0922
711,Nil,McCreery,0958 Little Fleur Trail,Englewood,US,Colorado,80150,303-992-4735
712,Ernestus,Kilfoyle,1909 Pepper Wood Hill,Kansas City,US,Missouri,64114,816-967-8269
713,Roland,Blay,654 Garrison Alley,Virginia Beach,US,Virginia,23454,757-266-6147
714,Cymbre,Signoret,55 Drewry Trail,Johnson City,US,Tennessee,37605,423-492-7375
715,Karita,Riquet,77080 Warbler Plaza,Bakersfield,US,California,93311,661-997-0150
716,Theo,Hayller,2093 Anhalt Junction,Charlotte,US,North Carolina,28289,704-238-0295
717,Jemmie,Petracek,0599 Delaware Hill,New Brunswick,US,New Jersey,08922,732-853-6215
718,Mersey,Strutton,1873 Havey Pass,Gatesville,US,Texas,76598,254-764-2752
719,Onfre,Pennycord,9598 Larry Avenue,Birmingham,US,Alabama,35279,205-370-6043
720,Gladys,Banyard,92 Leroy Terrace,Winston Salem,US,North Carolina,27116,336-472-5243
721,Arte,Klebes,8 Alpine Hill,Brockton,US,Massachusetts,02405,508-327-5462
722,Conn,Muzzillo,63 Packers Court,Cincinnati,US,Ohio,45218,513-868-1771
723,Reina,Seyfart,88767 Dunning Lane,New York City,US,New York,10079,212-311-7779
724,Lebbie,Tull,9 Miller Trail,Macon,US,Georgia,31205,478-234-0631
725,Marcelo,Domelaw,2315 Mandrake Pass,Long Beach,US,California,90847,562-248-2602
726,Stefa,Daykin,78676 Rieder Street,Gainesville,US,Georgia,30506,404-431-0467
727,Warde,Clubley,3361 Mendota Plaza,Albany,US,New York,12262,518-750-9768
728,Svend,Lamplough,3803 Westend Way,Columbus,US,Ohio,43210,614-728-9860
729,Udell,Kinkead,21 Mockingbird Junction,Saint Petersburg,US,Florida,33737,727-747-0204
730,Linoel,Itzak,5004 Anzinger Way,Canton,US,Ohio,44710,330-224-7195
731,Fulton,Gaunt,13778 Porter Avenue,Miami,US,Florida,33111,786-938-9988
732,Jen,Dann,39 Melvin Drive,Portland,US,Maine,04109,207-257-4894
733,Sandi,Gillan,9 Corry Drive,Fort Myers,US,Florida,33913,239-972-5608
734,Britt,Beller,3476 Loeprich Point,Spartanburg,US,South Carolina,29319,864-931-5968
735,Kati,Leonida,1 Barnett Street,Detroit,US,Michigan,48232,313-398-4108
736,Georgi,Runcieman,9 Bellgrove Lane,Troy,US,Michigan,48098,248-435-6146
737,Jaquelyn,Durrell,1591 Bonner Hill,Youngstown,US,Ohio,44511,330-377-7853
738,Mill,Ellerey,70991 Oxford Avenue,San Jose,US,California,95194,408-309-6497
739,Adam,Hallstone,7 Shoshone Center,Clearwater,US,Florida,33758,813-177-6272
740,Gerhardine,Startin,142 Valley Edge Plaza,Los Angeles,US,California,90060,323-988-3198
741,Hercules,Danihelka,897 Thompson Junction,Miami,US,Florida,33283,305-979-3840
742,Matelda,Hainning,030 Fair Oaks Lane,Amarillo,US,Texas,79105,806-738-7682
743,Nicolle,Chazerand,3 Ronald Regan Street,Roanoke,US,Virginia,24014,540-503-1495
744,Tate,Kettlewell,6603 Commercial Hill,Aurora,US,Illinois,60505,630-726-0306
745,Clarence,McPartling,16 Moulton Place,Atlanta,US,Georgia,30311,678-135-7746
746,Peterus,Pavie,9071 Sunnyside Trail,Atlanta,US,Georgia,30340,404-767-8789
747,Ruperta,Fritchly,18783 Buhler Trail,Savannah,US,Georgia,31422,912-567-6856
748,Christiano,Manass,713 Warner Court,Kansas City,US,Kansas,66105,913-537-5574
749,Philippine,Paylie,902 Graedel Point,Hartford,US,Connecticut,06120,860-751-1898
750,Levin,Bowbrick,80816 Vidon Plaza,Sacramento,US,California,94257,916-631-0292
751,Melessa,Shurville,18999 Little Fleur Point,Redwood City,US,California,94064,650-450-5487
752,Devlen,Newart,73207 Hintze Drive,Knoxville,US,Tennessee,37914,865-617-3707
753,Pete,Ivery,54 Banding Lane,Indianapolis,US,Indiana,46254,317-267-2450
754,Ernesta,Lemanu,62 Fisk Park,Racine,US,Wisconsin,53405,262-174-3850
755,Brady,Relf,82 Bunker Hill Park,Glendale,US,Arizona,85305,602-196-0858
756,Danit,Bracken,070 Mayfield Lane,Corpus Christi,US,Texas,78415,361-259-4760
757,Rosco,Aubray,116 Kim Junction,Los Angeles,US,California,90060,323-194-1083
758,Costanza,Scarse,170 Birchwood Parkway,Chattanooga,US,Tennessee,37410,423-601-8600
759,Jamey,Woolard,8214 Hudson Road,Louisville,US,Kentucky,40266,502-544-8736
760,Penny,Moncrieffe,1536 Monument Lane,Shreveport,US,Louisiana,71105,318-957-5165
761,Fernande,Tippell,4 4th Center,Macon,US,Georgia,31210,478-645-8393
762,Cazzie,Bowlesworth,37441 Holmberg Plaza,San Antonio,US,Texas,78260,830-973-8058
763,Keary,Champerlen,5378 Annamark Circle,Northridge,US,California,91328,818-995-7626
764,Bride,Filby,5 Kenwood Crossing,Macon,US,Georgia,31210,478-452-1977
765,Val,Maxweell,6068 Fuller Center,Nashville,US,Tennessee,37205,615-448-0168
766,Kirby,Collaton,17 Kennedy Junction,Richmond,US,Virginia,23220,804-404-2499
767,Waverley,McElree,3 Hauk Pass,Palm Bay,US,Florida,32909,561-643-7287
768,Colette,O'Kane,2 Heath Plaza,Harrisburg,US,Pennsylvania,17110,717-232-1295
769,Quent,Aprahamian,799 Browning Road,Aurora,US,Colorado,80045,303-510-8649
770,Philbert,Turley,2741 Miller Trail,Columbus,US,Georgia,31904,706-460-0130
771,Borden,Bryns,6 Sugar Center,Charleston,US,South Carolina,29416,843-248-5915
772,Egan,Pawlick,864 Lakeland Street,Charleston,US,West Virginia,25336,304-264-3124
773,Eada,Harbour,8884 Forest Dale Plaza,Los Angeles,US,California,90035,818-183-4499
774,Gerhardine,O'Crevy,041 Wayridge Park,Elizabeth,US,New Jersey,07208,908-455-7171
775,Jeanine,Seager,2452 Knutson Point,Augusta,US,Georgia,30919,706-166-0026
776,Jessie,Harnes,19511 Armistice Court,Gainesville,US,Florida,32610,352-396-6416
777,Danny,Fossey,7 Sunbrook Alley,Minneapolis,US,Minnesota,55458,612-395-5371
778,Inga,Vasilik,68464 Roth Way,Austin,US,Texas,78769,512-270-4100
779,Julissa,Kemmey,63406 Valley Edge Way,Wichita,US,Kansas,67260,316-528-3456
780,Travers,Adcock,85 5th Parkway,Pittsburgh,US,Pennsylvania,15286,412-884-9804
781,Hubey,Mortell,91992 International Park,Indianapolis,US,Indiana,46202,317-291-1028
782,Dorris,Farlowe,8521 4th Avenue,Washington,US,District of Columbia,20566,202-759-5400
783,Walton,Burgyn,9079 Oakridge Road,Las Vegas,US,Nevada,89135,702-245-8654
784,Huey,Erley,3 Stang Lane,Charleston,US,South Carolina,29411,843-830-1655
785,Torrey,Belison,80668 Homewood Park,Bradenton,US,Florida,34282,941-169-7702
786,Dee,Dellenbroker,50927 Mccormick Parkway,Los Angeles,US,California,90050,213-107-4641
787,Belva,Pidgeon,7043 Nova Alley,Toledo,US,Ohio,43610,419-781-9099
788,Germayne,McLucky,9 Loeprich Hill,Southfield,US,Michigan,48076,248-590-5909
789,Eleen,Shirtcliffe,5647 Summerview Lane,Greenville,US,South Carolina,29610,864-705-9652
790,Dev,Rosenwasser,10259 Dunning Place,Columbia,US,South Carolina,29208,803-104-4464
791,Skip,Sealove,92 Starling Pass,Melbourne,US,Florida,32941,321-598-7767
792,Rinaldo,Blezard,32055 Hagan Alley,Tucson,US,Arizona,85720,520-714-0503
793,Brandie,Matschek,66 Muir Pass,Ocala,US,Florida,34474,352-338-1928
794,Pate,Branche,373 Oak Lane,Arlington,US,Texas,76011,817-866-1401
795,Waly,Althorpe,9 Farwell Park,Topeka,US,Kansas,66606,785-638-6691
796,Brand,Stiff,5493 Spenser Avenue,Denver,US,Colorado,80270,303-110-0456
797,Damita,Waterhouse,17 Debra Trail,Norcross,US,Georgia,30092,770-972-1170
798,Jessey,Blandamore,6 Chinook Point,Pasadena,US,California,91117,626-751-6533
799,Caesar,Gidden,05 Wayridge Alley,Waterbury,US,Connecticut,06726,203-546-3262
800,Darcy,Zamorano,90952 Oneill Parkway,Long Beach,US,California,90805,562-472-8501
801,Baudoin,Aleksankov,85778 Duke Pass,Colorado Springs,US,Colorado,80910,719-585-5520
802,Katlin,Vaan,03 Ryan Lane,Washington,US,District of Columbia,20310,202-642-5984
803,Shepherd,Gordon-Giles,22806 Hauk Road,Toledo,US,Ohio,43605,419-194-8331
804,Loise,Lilywhite,695 Reinke Road,Morgantown,US,West Virginia,26505,304-355-0342
805,Odie,Foye,2483 Tony Drive,Akron,US,Ohio,44393,234-138-9954
806,Giulio,Coffelt,74830 Buell Parkway,Cincinnati,US,Ohio,45264,513-403-4942
807,Xenia,Dodswell,97478 Dorton Way,Oklahoma City,US,Oklahoma,73167,405-471-1519
808,Torrey,Dallicoat,38 Linden Drive,Montgomery,US,Alabama,36134,334-994-7311
809,Shandy,Mulloch,4647 Hauk Hill,Syracuse,US,New York,13210,315-750-2721
810,Paige,Trotton,343 Butternut Place,Baltimore,US,Maryland,21229,410-429-0505
811,Fina,Donan,53956 Bobwhite Point,Irvine,US,California,92717,714-920-5554
812,Sharyl,Tappor,48307 Forest Road,Charleston,US,West Virginia,25331,304-265-8871
813,Debora,Ratlee,832 Monument Street,Kansas City,US,Missouri,64149,816-982-3655
814,Orly,McNee,18 Artisan Road,Dearborn,US,Michigan,48126,313-616-4567
815,Horace,Greener,2 Gerald Street,Birmingham,US,Alabama,35290,205-432-3915
816,Beverie,Ormes,782 Boyd Center,Durham,US,North Carolina,27710,919-140-4412
817,Christopher,Adam,01 Summit Place,Baltimore,US,Maryland,21211,410-676-5651
818,Kennan,Ivshin,69755 Ohio Terrace,Oakland,US,California,94622,510-139-8312
819,Theodora,Masding,78963 Cottonwood Park,Kansas City,US,Missouri,64187,816-497-3808
820,Lenette,Langelay,18050 Londonderry Terrace,Clearwater,US,Florida,34629,727-228-0189
821,Junette,Hillyatt,4363 Johnson Alley,Jacksonville,US,Florida,32209,904-378-0241
822,Darcy,Cotilard,4187 Becker Drive,Kansas City,US,Missouri,64109,816-409-6751
823,Cass,Skures,4869 Annamark Park,Akron,US,Ohio,44321,330-569-1689
824,Devinne,Goodson,66 Sherman Trail,Santa Rosa,US,California,95405,707-886-1239
825,Clem,Pellett,511 Oak Valley Park,Syracuse,US,New York,13217,315-795-4700
826,Gard,Southcombe,12 Pond Place,Salt Lake City,US,Utah,84105,801-725-6315
827,Netta,Benck,23448 Heffernan Way,Atlanta,US,Georgia,31136,404-444-1304
828,Heall,Lobbe,00 Holmberg Drive,Montgomery,US,Alabama,36177,334-658-0355
829,Wolfgang,Jephcott,581 Bowman Trail,Baton Rouge,US,Louisiana,70805,225-120-1414
830,Birdie,Manser,225 Banding Lane,Columbus,US,Ohio,43240,740-390-7552
831,Becca,Edgeley,984 Tennyson Terrace,Macon,US,Georgia,31296,478-537-1088
832,Kizzie,Abramchik,232 Maywood Lane,Montpelier,US,Vermont,05609,802-148-7442
833,Laurie,Cairney,4846 Milwaukee Place,Fort Lauderdale,US,Florida,33320,754-139-3378
834,Lacy,Franken,0408 Corry Lane,Augusta,US,Georgia,30911,706-706-9871
835,Gaylene,Thickins,24038 Fordem Street,Sarasota,US,Florida,34238,941-791-1402
836,Harley,Paskell,27941 Artisan Park,Madison,US,Wisconsin,53779,608-756-8224
837,Lars,Korous,68 American Ash Point,Baton Rouge,US,Louisiana,70883,225-794-9284
838,Normy,Packe,1946 Mayer Street,Pompano Beach,US,Florida,33069,954-372-3010
839,Carlene,Gibbonson,489 Commercial Court,Wilmington,US,Delaware,19897,302-156-6721
840,Elbert,Hamon,99641 Holmberg Alley,Santa Rosa,US,California,95405,707-124-3809
841,Janeta,Inett,3642 Cascade Street,Albany,US,New York,12232,518-605-4991
842,Lisabeth,Onyon,1518 Shopko Plaza,Monticello,US,Minnesota,55565,763-966-0049
843,Carroll,Singh,45741 Grayhawk Terrace,Fort Wayne,US,Indiana,46852,260-927-2624
844,Deirdre,Antuoni,78541 Sunbrook Street,Long Beach,US,California,90847,562-355-4548
845,Amara,Savil,5 Ilene Crossing,New York City,US,New York,10090,212-308-2215
846,Anne-marie,Blundel,5517 Old Gate Point,Kansas City,US,Missouri,64199,816-149-0290
847,Karry,Gligoraci,84379 Muir Center,Joliet,US,Illinois,60435,815-433-8056
848,Pammy,Tattershall,6 Norway Maple Drive,Kansas City,US,Missouri,64125,816-120-6686
849,Dallas,Basire,3597 Surrey Avenue,New Orleans,US,Louisiana,70149,504-857-8600
850,Ailis,Dizlie,854 Bluejay Junction,Lake Worth,US,Florida,33462,561-259-7206
851,Georgy,Davison,24143 Northland Junction,Colorado Springs,US,Colorado,80995,719-562-1488
852,Vonnie,Raith,33278 Ohio Parkway,Las Vegas,US,Nevada,89160,702-616-7963
853,Federica,Philpots,3256 Haas Trail,Sacramento,US,California,94237,916-717-1716
854,Pearle,Hansen,0 School Hill,Bridgeport,US,Connecticut,06673,203-274-7065
855,Kellia,Harteley,960 Dayton Pass,Atlanta,US,Georgia,30301,404-954-1485
856,Keelia,Troy,7060 Vera Plaza,Naples,US,Florida,33963,239-351-0090
857,Anastassia,Viegas,996 Muir Circle,San Antonio,US,Texas,78225,210-875-7065
858,Arvy,Albin,5 Sage Hill,Whittier,US,California,90610,562-634-7521
859,Winthrop,Quene,262 Hudson Trail,Baltimore,US,Maryland,21203,410-418-0274
860,Lock,Keigher,08031 Goodland Plaza,Metairie,US,Louisiana,70033,504-576-8105
861,Elliott,Pecha,010 Schurz Alley,Hayward,US,California,94544,209-656-3033
862,Arleyne,McAllan,65 Roxbury Lane,El Paso,US,Texas,79999,915-748-6760
863,Mercie,Driutti,18 Gale Way,Oklahoma City,US,Oklahoma,73129,405-574-5323
864,Randolph,Pickrell,0043 John Wall Junction,Hartford,US,Connecticut,06160,860-523-6221
865,Celestine,Averall,0336 Acker Hill,Albany,US,New York,12242,518-468-1624
866,Micheline,Rennenbach,87342 Grover Pass,Portsmouth,US,New Hampshire,03804,603-899-8659
867,Barbette,Boshers,2 Vera Point,Wichita Falls,US,Texas,76310,940-484-9467
868,Conn,Ellin,868 Toban Place,Lima,US,Ohio,45807,419-554-6062
869,Oralee,Compson,733 Continental Way,Colorado Springs,US,Colorado,80920,719-575-2562
870,Vernice,Heinecke,04 Drewry Junction,Washington,US,District of Columbia,20337,202-284-5160
871,Reiko,Cleynaert,3 Del Sol Road,Arlington,US,Virginia,22205,571-607-5425
872,Wash,Zum Felde,643 Brentwood Center,Clearwater,US,Florida,34620,727-889-4927
873,Imelda,Claworth,3 Menomonie Place,Miami,US,Florida,33153,786-130-9115
874,Fiorenze,Sherar,1162 Spaight Way,Boise,US,Idaho,83732,208-940-7383
875,Fremont,Trapp,2649 Barby Park,Austin,US,Texas,78764,512-470-8647
876,Denni,Fruchon,3143 Larry Hill,San Jose,US,California,95150,408-892-3169
877,Cory,Bates,42 Chive Crossing,Tampa,US,Florida,33610,813-826-9573
878,Anastasie,Briscow,244 Harper Place,Akron,US,Ohio,44310,330-140-5896
879,Ky,Beckles,1594 Stephen Center,Macon,US,Georgia,31217,912-887-3026
880,Viv,Tracey,021 Iowa Circle,Denton,US,Texas,76210,214-176-4725
881,Modestine,Martynka,9 Buell Place,Columbia,US,South Carolina,29220,803-451-1015
882,Trescha,Mateuszczyk,104 Rigney Place,Tyler,US,Texas,75799,903-870-7850
883,Pedro,Speak,871 Brickson Park Plaza,Newark,US,New Jersey,07104,973-899-5146
884,Elsey,Easthope,99 Merry Park,Maple Plain,US,Minnesota,55579,952-440-5604
885,Ewen,Meneur,096 Welch Parkway,San Antonio,US,Texas,78291,210-530-0606
886,Carine,Upstell,92255 Sunnyside Park,Akron,US,Ohio,44321,330-146-4650
887,Aloisia,Blackboro,0917 Del Sol Point,San Diego,US,California,92153,619-346-9892
888,Teirtza,Yakunikov,93168 Myrtle Court,Bradenton,US,Florida,34205,941-823-4064
889,Fancie,Brophy,261 Bluejay Center,Tucson,US,Arizona,85748,520-631-1248
890,Olympia,Brookz,1899 Sugar Junction,Bloomington,US,Illinois,61709,309-951-4064
891,Guendolen,Kilian,3522 Sunbrook Way,Charleston,US,South Carolina,29411,843-561-8606
892,Trudy,Gartland,37066 Old Shore Street,Louisville,US,Kentucky,40250,502-446-2082
893,Andrei,Ormesher,8750 Sunbrook Center,Wilmington,US,Delaware,19810,302-595-5006
894,Cindie,Frossell,63030 Maryland Pass,Fort Worth,US,Texas,76129,817-161-6780
895,Alfi,Burgon,18214 Petterle Hill,Tucson,US,Arizona,85748,520-991-1773
896,Calhoun,Zuanazzi,25 Oak Valley Avenue,Corona,US,California,92883,951-870-5267
897,Trip,Swaffield,01 Stephen Terrace,Gary,US,Indiana,46406,219-389-4098
898,August,Garaghan,536 Hagan Way,Largo,US,Florida,33777,727-248-7205
899,Lawry,Synke,580 Pepper Wood Hill,Irvine,US,California,92710,714-476-8062
900,Bertram,Maggill'Andreis,34535 Rockefeller Hill,Brooklyn,US,New York,11254,212-441-0019
901,Stefano,Hellier,378 Birchwood Alley,Honolulu,US,Hawaii,96840,808-358-8716
902,Anna-diane,Boniface,4 Pennsylvania Point,Washington,US,District of Columbia,20370,202-962-2157
903,Martie,Gyurko,0 Briar Crest Parkway,Whittier,US,California,90605,626-647-8205
904,Whit,Roadknight,80834 Northridge Lane,Birmingham,US,Alabama,35290,205-135-7083
905,Elsey,Venditto,2 Stuart Parkway,Morgantown,US,West Virginia,26505,304-235-3117
906,Modestine,Goodding,000 Sullivan Road,Jackson,US,Mississippi,39204,601-396-0758
907,Spenser,Petroselli,8348 Oneill Park,Warren,US,Michigan,48092,586-419-7485
908,Charleen,Brickett,2760 Hollow Ridge Center,Albany,US,New York,12210,518-534-5392
909,Clari,Linger,755 International Parkway,Tyler,US,Texas,75710,903-732-2792
910,Melantha,Thomasen,3 Dorton Point,Clearwater,US,Florida,34620,727-137-2794
911,Sheilakathryn,Arthurs,61003 Sauthoff Pass,Pittsburgh,US,Pennsylvania,15225,412-216-7712
912,Antonino,Clarae,69 Continental Park,Tuscaloosa,US,Alabama,35487,205-896-8214
913,Alica,Keeble,44 Scofield Court,Hattiesburg,US,Mississippi,39404,601-502-8547
914,Cynthea,Roylance,05 Burrows Junction,Syracuse,US,New York,13224,315-673-2804
915,Calhoun,Abrahim,548 Buena Vista Place,Fullerton,US,California,92835,714-163-3571
916,Derward,Sudran,890 Dapin Parkway,Orlando,US,Florida,32830,407-193-7374
917,Willyt,Gard,7545 Dunning Point,Newark,US,New Jersey,07188,862-845-5852
918,Junie,Southwood,4 Annamark Place,Dallas,US,Texas,75226,469-834-2756
919,Kip,Gaskall,25781 Burrows Circle,Pasadena,US,California,91199,626-662-5098
920,Timoteo,Siaspinski,76 Buhler Crossing,Winston Salem,US,North Carolina,27157,336-228-9574
921,Charmane,Cromley,4 Division Drive,Des Moines,US,Iowa,50362,515-388-1019
922,Alys,Kyffin,97317 Corscot Drive,Jamaica,US,New York,11436,917-678-9128
923,Lyndsay,St. Quintin,74186 Southridge Road,Greenville,US,South Carolina,29605,864-892-7398
924,Ellissa,Duesbury,7441 Reindahl Junction,Daytona Beach,US,Florida,32123,386-302-5517
925,Jennette,Bouzek,21034 Warbler Way,Saint Louis,US,Missouri,63158,314-798-8941
926,Essie,Andersson,4409 Arrowood Pass,San Antonio,US,Texas,78235,210-165-2001
927,Alisun,Munslow,6 Service Point,Birmingham,US,Alabama,35295,205-211-3886
928,Tarrance,Muneely,63099 Larry Way,Washington,US,District of Columbia,20503,202-999-7261
929,Elita,Boydle,77 Little Fleur Parkway,Worcester,US,Massachusetts,01654,508-530-1627
930,Chantal,Jeckells,7205 Forest Dale Hill,Waco,US,Texas,76796,254-343-8864
931,Jandy,Batham,67472 Schlimgen Crossing,San Francisco,US,California,94126,415-313-8176
932,Hans,Parcell,61 Messerschmidt Pass,Pasadena,US,California,91125,626-196-9090
933,Gradey,Damiral,6 Badeau Place,Nashville,US,Tennessee,37250,615-369-2902
934,Charles,Beaton,14 Merchant Point,Savannah,US,Georgia,31410,912-875-7594
935,Lindsy,Bannell,61 Springs Junction,Greensboro,US,North Carolina,27415,336-121-5963
936,Agace,Imlin,15756 Weeping Birch Terrace,Atlanta,US,Georgia,30323,770-949-6161
937,Minta,Wayland,01982 Homewood Point,San Jose,US,California,95133,408-392-4852
938,Robbie,Tolotti,719 Mitchell Terrace,Birmingham,US,Alabama,35205,205-400-9195
939,Henrie,Kerford,174 Grim Drive,Lexington,US,Kentucky,40581,859-670-4960
940,Barbette,Gookey,9 Corben Lane,Clearwater,US,Florida,33758,813-534-6228
941,Clare,Congram,3 Crownhardt Hill,Phoenix,US,Arizona,85045,602-122-7103
942,Rosie,Beavers,59600 Killdeer Crossing,Corona,US,California,92878,951-409-9719
943,Micky,Slyme,588 Stone Corner Street,Pueblo,US,Colorado,81005,719-658-1438
944,Gill,Lofthouse,374 Northport Crossing,Denver,US,Colorado,80241,720-161-1125
945,Gabbie,Shakshaft,9485 Northwestern Court,Bakersfield,US,California,93386,661-682-2605
946,Freemon,Liggins,77 Prairie Rose Street,Lynn,US,Massachusetts,01905,781-396-5567
947,Cesare,Maund,78 Aberg Center,Colorado Springs,US,Colorado,80920,719-279-3656
948,Floris,Allewell,9241 Hallows Trail,New Orleans,US,Louisiana,70165,504-688-6976
949,Rheba,Planks,181 Canary Drive,Chicago,US,Illinois,60686,312-616-3430
950,Silvana,Lidgate,439 Luster Road,Houston,US,Texas,77005,281-544-5753
951,Koren,Ebbs,3 La Follette Point,Dallas,US,Texas,75323,214-695-1165
952,Fredrika,Triplet,40 Nelson Place,Peoria,US,Illinois,61656,309-872-2028
953,Baudoin,Castelijn,89702 Carey Point,Jamaica,US,New York,11470,917-717-2085
954,Fonz,Isakovitch,418 Graceland Park,Fort Wayne,US,Indiana,46805,260-626-2320
955,Marlowe,Lambkin,4 Melody Avenue,Las Vegas,US,Nevada,89140,702-486-8188
956,Stefanie,Winning,2824 Welch Trail,Nashville,US,Tennessee,37205,615-245-5132
957,Ashil,Shire,086 Rigney Lane,Spring,US,Texas,77386,713-952-2707
958,Kyle,Cumbridge,4 Memorial Parkway,Birmingham,US,Alabama,35225,205-141-9211
959,Wainwright,Lundbech,34 Maple Wood Lane,Washington,US,District of Columbia,20535,202-424-9397
960,Nicolette,Parbrook,7646 Cambridge Plaza,Midland,US,Michigan,48670,989-635-8523
961,Tate,Cristofolini,63820 Oak Avenue,Laurel,US,Maryland,20709,202-878-9304
962,Suzanna,Chalmers,8226 Charing Cross Pass,San Mateo,US,California,94405,805-767-6683
963,Cortney,Hymers,066 Warner Way,Greensboro,US,North Carolina,27499,336-356-9232
964,Iseabal,Romagosa,7 Schlimgen Street,Charlotte,US,North Carolina,28230,704-715-3159
965,Natasha,Troak,97 Brown Court,Roanoke,US,Virginia,24048,540-158-4875
966,Town,Cowope,94 Fisk Lane,San Francisco,US,California,94110,562-120-1466
967,Netta,Klemencic,358 Aberg Trail,Augusta,US,Georgia,30905,706-790-8252
968,Rudolph,Whistance,6 Sugar Alley,Philadelphia,US,Pennsylvania,19146,267-115-2667
969,Miof mela,Monkhouse,1 Armistice Crossing,Miami,US,Florida,33158,786-273-1855
970,Ives,Strevens,316 Summerview Way,Nashville,US,Tennessee,37215,615-967-0232
971,Ted,Hoffman,2 Pleasure Avenue,Inglewood,US,California,90310,310-417-9717
972,Eveleen,Try,7 Sachs Drive,Huntington,US,West Virginia,25721,304-997-1970
973,Freida,Sygrove,4366 Oak Road,Waco,US,Texas,76711,254-772-8305
974,Lucias,Grigorkin,407 Gale Park,Springfield,US,Massachusetts,01152,413-318-4089
975,Brigham,Ivashin,0677 Hallows Junction,Rochester,US,New York,14646,585-894-6181
976,Dean,Pepperill,01 Truax Lane,Metairie,US,Louisiana,70005,504-464-6589
977,Alysia,Amis,1259 Katie Road,Youngstown,US,Ohio,44555,330-324-7052
978,Lorene,Nestoruk,330 American Ash Way,Mount Vernon,US,New York,10557,914-264-8737
979,Othilie,Waind,5838 Lukken Park,Lansing,US,Michigan,48956,517-883-5224
980,Tami,Derrell,36231 Eastwood Alley,Pueblo,US,Colorado,81005,719-632-4474
981,Nobe,Munnings,9 Hansons Circle,Evansville,US,Indiana,47719,812-180-9878
982,Kristy,Embury,5577 Nevada Alley,Fayetteville,US,North Carolina,28314,910-301-0672
983,Dalila,Donn,627 Buena Vista Way,San Francisco,US,California,94177,415-912-4582
984,Jamesy,Mellor,761 Elgar Place,Columbia,US,Missouri,65211,573-774-7628
985,Godfry,Anglin,3128 Michigan Pass,San Diego,US,California,92153,619-706-9967
986,Tanhya,McNutt,3692 Vermont Crossing,Los Angeles,US,California,90030,213-302-6658
987,Mahmoud,Matzke,660 Schurz Avenue,Fort Lauderdale,US,Florida,33345,754-688-6021
988,Reynolds,Whetland,45483 Hayes Court,Amarillo,US,Texas,79165,806-882-6012
989,Winn,Sholl,9860 Bunker Hill Terrace,Des Moines,US,Iowa,50320,515-911-1749
990,Kellsie,Skydall,840 Moland Center,Saint Louis,US,Missouri,63121,314-905-8613
991,Dru,MacNeice,9 Fremont Circle,Virginia Beach,US,Virginia,23459,757-293-4908
992,Berta,Silbert,485 Oxford Terrace,Boston,US,Massachusetts,02163,978-880-0876
993,Allison,Grimster,9 Northland Way,Portland,US,Oregon,97296,503-634-0246
994,Hastie,Geach,0 Westend Road,Fullerton,US,California,92835,714-682-2033
995,Germain,Bothe,28369 Elmside Park,El Paso,US,Texas,79989,915-746-0714
996,Robenia,Gagg,745 Havey Court,Oklahoma City,US,Oklahoma,73129,405-897-3680
997,Gordie,Corcoran,918 Graceland Crossing,Tampa,US,Florida,33610,813-568-7008
998,Nellie,Cashin,85992 Continental Hill,Columbia,US,South Carolina,29225,803-270-4708
999,Binky,Jacklin,5 Village Crossing,Arlington,US,Texas,76004,817-624-8883
1000,Daryl,Dougary,7 Stone Corner Street,Santa Monica,US,California,90405,818-844-0505
